customer_id,market,age,tenure_months,device_price_usd,deposit_paid_usd,loan_amount_usd,monthly_income_proxy,data_usage_gb,mobile_money_txn_count,days_past_due,repayment_status,risk_segment,deposit_ratio,loan_to_income_ratio,high_risk_flag,default_flag
283d7213-24b5-4fd5-b3b4-d20cf61de42c,DRC,30,89,750,307,443,407,36.97,74,0,Current,Low,0.4093333333333333,1.0884520884520885,0,0
45418906-58ff-4435-a5cd-e703d2b83fdc,Egypt,44,73,349,5,344,2892,29.96,163,33,Late,Medium,0.014326647564469915,0.11894882434301521,0,0
0fb4caaa-b64e-4cb8-9df7-6d2fb2e1002b,DRC,26,87,337,156,181,611,24.85,185,0,Current,Low,0.4629080118694362,0.29623567921440264,0,0
dd45a68a-f3a0-4bcc-bf74-26c19feeb84e,Ethiopia,37,10,255,113,142,1210,9.25,117,52,Late,Medium,0.44313725490196076,0.11735537190082644,0,0
22b115f5-0c01-4d3c-bd53-cf1d07a07fd6,South Africa,18,37,459,148,311,1083,19.82,150,10,Current,Low,0.3224400871459695,0.2871652816251154,0,0
87226878-03b8-44fa-aa73-7f710afb4214,Lesotho,52,111,1078,175,903,2638,36.65,104,32,Late,Medium,0.16233766233766234,0.34230477634571643,0,0
731ceeae-c788-457a-a9e4-bb1b1adb7500,Mozambique,37,38,520,200,320,1529,42.18,38,0,Current,Low,0.38461538461538464,0.2092871157619359,0,0
54946a86-e194-4cea-a344-b5a43babb9fd,Ethiopia,54,103,71,29,42,2089,32.11,109,35,Late,Medium,0.4084507042253521,0.020105313547151747,0,0
78aeb8a3-1d25-4a88-b848-512831f5a64d,Egypt,31,88,1176,225,951,1693,18.58,111,0,Current,Low,0.1913265306122449,0.561724748966332,0,0
32c1ab40-6d87-45c9-858d-229f1f926d9f,Mozambique,45,120,313,150,163,1131,20.78,56,44,Late,Medium,0.4792332268370607,0.14412024756852343,0,0
8ea53ef7-3afd-4e9b-8acb-c00d3187a382,Kenya,44,96,387,165,222,2333,0.62,135,29,Current,Low,0.4263565891472868,0.09515645092156022,0,0
990fb0c0-e553-4943-be06-67ec47a17ce9,Egypt,60,117,175,9,166,982,26.51,183,29,Current,Low,0.05142857142857143,0.1690427698574338,0,0
a9d670af-c4e2-42cd-9f32-239560c54686,Kenya,54,81,477,22,455,2455,36.59,74,0,Current,Low,0.04612159329140461,0.18533604887983707,0,0
52e1db4c-0e83-4209-8f43-c18a6183a21d,Kenya,58,118,279,63,216,1099,39.54,114,10,Current,Low,0.22580645161290322,0.19654231119199272,0,0
1487bf4c-dff4-4d85-afc3-af631e557280,Mozambique,24,80,119,5,114,779,18.18,95,18,Current,Low,0.04201680672268908,0.14634146341463414,0,0
b6855765-fa4a-401d-b94a-1c406b765b93,South Africa,29,90,472,168,304,1614,19.63,117,22,Current,Low,0.3559322033898305,0.18835192069392812,0,0
f22a2f88-8d44-4368-89da-313bffc22c8e,Egypt,26,6,1134,399,735,765,13.83,34,1,Current,Low,0.35185185185185186,0.9607843137254902,0,0
f94362e5-c75e-4948-80b8-5113481ecaa8,Tanzania,54,99,846,361,485,577,32.92,64,3,Current,Low,0.42671394799054374,0.8405545927209706,0,0
c2c7a847-7735-45d9-b73e-5a420907b135,Ethiopia,33,55,329,117,212,2075,28.55,111,11,Current,Low,0.3556231003039514,0.10216867469879518,0,0
089c2924-bc1f-48b7-a873-6fdede34d959,Kenya,30,95,537,163,374,2426,44.65,89,35,Late,Medium,0.30353817504655495,0.15416323165704865,0,0
3f8ab5d6-7c5d-4d32-b89a-6b0b37ce3589,Lesotho,18,77,945,168,777,1213,42.74,75,4,Current,Low,0.17777777777777778,0.640560593569662,0,0
5a6e3c60-bbb2-4021-ad44-115c8ccecc96,Ethiopia,58,85,632,225,407,475,18.69,124,0,Current,Low,0.3560126582278481,0.8568421052631578,0,0
828e7460-b0d8-4369-95bf-4ce4ed4e1e91,Tanzania,64,55,503,43,460,1618,23.45,15,38,Late,Medium,0.08548707753479125,0.2843016069221261,0,0
c80ffc84-f496-4bb0-8957-0ecdca448830,Kenya,61,78,739,341,398,2480,49.83,72,42,Late,Medium,0.4614343707713126,0.16048387096774194,0,0
deebb5f7-bfa4-4547-9497-6c2817de2205,DRC,38,26,972,117,855,2229,16.81,170,5,Current,Low,0.12037037037037036,0.3835800807537012,0,0
d85d37ba-4239-4159-a07c-1b7d5e80a0e5,South Africa,29,24,1013,389,624,460,0.55,88,22,Current,Low,0.3840078973346496,1.3565217391304347,0,0
596a2397-5bd5-4cbd-9740-4f330cd37cf2,DRC,31,36,752,60,692,1672,40.21,77,18,Current,Low,0.0797872340425532,0.4138755980861244,0,0
b35e351f-ba2e-4385-b1fb-a23caca7333e,Mozambique,40,10,1122,70,1052,2871,28.29,26,2,Current,Low,0.062388591800356503,0.3664228491814699,0,0
c99d0c44-5c31-4dd0-ab23-a25f2722a5e9,Kenya,24,5,960,237,723,1982,37.54,136,6,Current,Low,0.246875,0.3647830474268416,0,0
b6e8321e-f42f-4b32-8519-fc0283489b17,DRC,56,67,1001,435,566,1963,48.71,61,15,Current,Low,0.43456543456543456,0.28833418237391745,0,0
1ffd2732-2ef1-4b8b-9021-b469906c1ef6,Tanzania,40,44,303,46,257,2141,9.51,198,19,Current,Low,0.15181518151815182,0.1200373657169547,0,0
3ca6c92d-8ed3-4293-9279-421edd9d585a,Lesotho,64,89,904,107,797,380,0.73,79,0,Current,Low,0.11836283185840708,2.0973684210526318,0,0
ca627568-ff29-4e77-bb7e-f6b83dda9192,DRC,52,116,410,116,294,2260,20.14,67,22,Current,Low,0.28292682926829266,0.13008849557522123,0,0
ed85b624-3252-4e21-9748-6be774e9f336,Egypt,58,26,942,455,487,2911,17.88,0,12,Current,Low,0.4830148619957537,0.16729646169701134,0,0
0dd8b5c9-fb58-4f2f-9e82-73ece121f5f0,DRC,28,16,317,104,213,776,26.73,68,9,Current,Low,0.3280757097791798,0.27448453608247425,0,0
5d69962f-6893-417e-8580-f4c818d036d0,Tanzania,49,88,920,187,733,1580,21.35,182,40,Late,Medium,0.20326086956521738,0.46392405063291137,0,0
9d44c40a-8f37-4928-8957-c2c62f498a8b,Kenya,41,117,418,33,385,1809,32.21,176,6,Current,Low,0.07894736842105263,0.21282476506357104,0,0
63fb1e89-aed5-4002-8bc0-22567060f5cd,Lesotho,29,65,1181,473,708,2906,7.08,198,32,Late,Medium,0.4005080440304826,0.24363386097728837,0,0
4fd93027-9d6a-4541-a3b1-98832ff77385,Lesotho,30,91,1141,431,710,293,5.81,45,43,Late,Medium,0.37773882559158634,2.42320819112628,0,0
3cbe966e-4b8a-406e-95a2-88a466b27800,Kenya,43,45,198,68,130,2680,44.85,3,31,Late,Medium,0.3434343434343434,0.048507462686567165,0,0
9aba0c0a-e02d-472a-b7db-cd35a369a537,Kenya,43,94,701,290,411,2433,20.6,97,11,Current,Low,0.4136947218259629,0.16892725030826142,0,0
558d24a4-5142-4453-a703-321fc3a92810,Egypt,45,101,206,54,152,632,29.5,196,36,Late,Medium,0.2621359223300971,0.24050632911392406,0,0
27bf0679-99ad-4080-8080-8654dedde369,Egypt,41,110,722,14,708,2354,27.45,185,28,Current,Low,0.019390581717451522,0.3007646559048428,0,0
f36c0757-5019-45e9-b45e-b553490b168e,South Africa,55,102,201,50,151,2657,47.01,163,0,Current,Low,0.24875621890547264,0.05683101242002258,0,0
0816b672-f5d5-474c-a5a9-3eb11a724b9e,South Africa,44,51,1090,422,668,1222,19.56,116,17,Current,Low,0.3871559633027523,0.546644844517185,0,0
cf89d322-dc86-4079-9910-916732825857,Tanzania,37,64,321,9,312,1548,29.59,58,0,Current,Low,0.028037383177570093,0.20155038759689922,0,0
6c68221a-0a77-414e-9faa-efb75b5a61e1,Mozambique,33,7,382,76,306,309,46.01,63,0,Current,Low,0.19895287958115182,0.9902912621359223,0,0
4b224d8a-efb3-4bb9-bc35-18c0c7af1282,Ethiopia,38,22,932,143,789,832,16.25,115,0,Current,Low,0.15343347639484978,0.9483173076923077,0,0
68ec8ccc-6ba4-4d9a-bf8b-fa5af1e1a7a8,Tanzania,47,33,345,128,217,1082,45.23,43,4,Current,Low,0.3710144927536232,0.20055452865064696,0,0
6cddea09-b02c-4500-a1ef-db6ab04d8189,South Africa,48,111,710,62,648,1084,10.95,94,20,Current,Low,0.08732394366197183,0.5977859778597786,0,0
b10e4466-1474-4cd7-a265-e9b945148310,Ethiopia,37,85,1057,124,933,2612,46.33,168,18,Current,Low,0.1173131504257332,0.35719754977029095,0,0
66920d3d-65db-4091-9fe3-b61e4cdd76a4,DRC,33,84,747,134,613,1851,39.1,119,26,Current,Low,0.17938420348058903,0.331172339276067,0,0
b975e031-52ca-4e1c-b23a-244519236597,Lesotho,32,98,1020,370,650,1797,11.76,11,24,Current,Low,0.3627450980392157,0.3617139677239844,0,0
123bfa39-156f-4d41-815a-3c192744dc6c,DRC,27,83,375,58,317,1535,18.7,155,0,Current,Low,0.15466666666666667,0.206514657980456,0,0
ed757af9-b01c-4fb7-b4f3-e0dfb197f6cd,Lesotho,20,22,587,78,509,553,46.37,167,34,Late,Medium,0.13287904599659284,0.9204339963833634,0,0
cbce95f7-cfe6-46d3-9d08-a58b3c40e7c7,Egypt,34,25,527,258,269,1418,33.63,159,26,Current,Low,0.48956356736242884,0.18970380818053598,0,0
7ed8a2ef-7abd-49fc-93af-3d31bd980ab9,South Africa,23,99,945,227,718,889,7.68,102,0,Current,Low,0.2402116402116402,0.8076490438695163,0,0
1273fa36-8f15-4d2a-b90c-3289081d2ea5,Mozambique,55,93,424,122,302,2746,20.48,132,0,Current,Low,0.28773584905660377,0.1099781500364166,0,0
fb2db5f2-5c40-4a25-8847-fcf4a32d559b,Ethiopia,41,49,322,79,243,402,39.81,27,1,Current,Low,0.2453416149068323,0.6044776119402985,0,0
45051947-e8aa-4b2b-9276-d0c264bbb316,South Africa,46,96,927,104,823,1082,15.39,51,34,Late,Medium,0.1121898597626753,0.7606284658040665,0,0
713c92a8-30c1-4bb3-8f33-303022d265af,South Africa,21,60,530,240,290,412,2.97,83,37,Late,Medium,0.4528301886792453,0.7038834951456311,0,0
a608f385-d4e5-4c06-a8e5-d4cdbc08d076,Mozambique,62,6,697,228,469,1874,46.07,142,32,Late,Medium,0.32711621233859395,0.2502668089647812,0,0
44a82ccc-e57c-4885-bf97-d48aebc2c0cd,Tanzania,36,27,903,2,901,1438,48.73,135,13,Current,Low,0.0022148394241417496,0.6265646731571627,0,0
d2b90f6c-e9d0-4dd6-80c2-5932df012b1a,Egypt,20,19,454,1,453,1140,18.34,86,8,Current,Low,0.0022026431718061676,0.3973684210526316,0,0
e9cb36d4-815c-41d3-9247-284a770545a2,Ethiopia,28,70,1140,513,627,1896,48.9,4,22,Current,Low,0.45,0.33069620253164556,0,0
4b104e3b-eba3-4403-8764-e16a2e0bbe5d,Tanzania,20,41,1089,370,719,1261,8.17,111,29,Current,Low,0.3397612488521579,0.5701823949246629,0,0
0301468d-f06b-48cb-b6f6-731cca458a50,South Africa,28,93,1131,543,588,1614,27.62,25,0,Current,Low,0.48010610079575594,0.3643122676579926,0,0
31b5284e-66ec-4cd8-a3c7-a2bbbbca733e,Ethiopia,34,24,168,12,156,1409,37.07,179,56,Late,Medium,0.07142857142857142,0.11071682044002838,0,0
edd1d7b7-27a8-4383-9ed0-0f56a19b0ee3,Kenya,55,19,255,101,154,418,39.42,134,18,Current,Low,0.396078431372549,0.3684210526315789,0,0
d92bc7e5-8c9d-47fd-bf9a-d6b67015331c,DRC,62,68,230,44,186,1277,38.82,78,25,Current,Low,0.19130434782608696,0.1456538762725137,0,0
85d28317-5495-4783-a858-a29ca1b7a1e3,Egypt,35,32,1037,433,604,322,5.59,198,10,Current,Low,0.4175506268081003,1.875776397515528,0,0
104941a2-eec5-4ab0-b70c-1e56b4bcc149,Mozambique,34,10,574,181,393,1553,4.37,11,34,Late,Medium,0.3153310104529617,0.253058596265293,0,0
a2ee12ad-58f7-4e72-999c-57b8717bb83e,South Africa,33,16,239,63,176,306,29.34,104,23,Current,Low,0.26359832635983266,0.5751633986928104,0,0
d603dcd9-c2be-413a-85e7-6c3c350a1482,Kenya,31,81,495,12,483,2877,38.58,68,49,Late,Medium,0.024242424242424242,0.1678832116788321,0,0
d53ad69f-de52-47b6-90cf-8dbc50233c79,South Africa,22,14,667,20,647,2278,46.21,129,12,Current,Low,0.029985007496251874,0.2840210711150132,0,0
f8262de4-2c72-4eb7-ab4b-5cf1abd05bea,Tanzania,56,56,239,54,185,2611,14.96,24,16,Current,Low,0.22594142259414227,0.07085407889697434,0,0
58cd729f-93f8-49a1-bb52-e955a7f55151,Kenya,49,86,793,86,707,2985,29.97,136,0,Current,Low,0.10844892812105927,0.23685092127303184,0,0
6a7a0a09-aa4d-4c85-b7b6-cf60590591e7,Ethiopia,25,30,1089,252,837,1615,36.93,138,23,Current,Low,0.23140495867768596,0.518266253869969,0,0
8daeaa2b-3dfd-4d15-99ad-0ed0c356aad0,Ethiopia,29,50,910,397,513,1864,47.08,149,36,Late,Medium,0.43626373626373627,0.2752145922746781,0,0
08b86697-3439-4791-b8ae-deeb9e17013e,DRC,38,1,151,12,139,160,11.15,101,0,Current,Low,0.07947019867549669,0.86875,0,0
39814e1d-213e-4dc0-acd1-af31028194eb,DRC,53,116,620,240,380,109,31.0,79,10,Current,Low,0.3870967741935484,3.4862385321100917,0,0
e4ba79e8-8a1d-4d7d-88c7-9b28c101389a,Ethiopia,60,7,1141,382,759,1520,42.46,46,40,Late,Medium,0.3347940403155127,0.4993421052631579,0,0
7fe5375f-af11-4cef-8f73-95b64e410ea8,DRC,43,94,701,243,458,2949,16.62,1,50,Late,Medium,0.3466476462196862,0.15530688368938622,0,0
f21a843b-3816-4031-8fdc-a2ae699ed5a0,South Africa,56,77,716,286,430,927,29.88,109,0,Current,Low,0.3994413407821229,0.4638619201725998,0,0
84fdf8c9-da7e-4e97-8788-e6eed5cc5cea,Kenya,18,33,357,99,258,475,23.29,85,0,Current,Low,0.2773109243697479,0.5431578947368421,0,0
e95f52db-060a-4986-a119-dd06fb7e639d,Egypt,64,64,689,133,556,709,13.57,18,4,Current,Low,0.193033381712627,0.7842031029619182,0,0
72eb623b-2e4d-4844-8f6a-0bd1444a7783,Tanzania,62,81,363,161,202,515,13.2,200,31,Late,Medium,0.44352617079889806,0.39223300970873787,0,0
87636355-3895-4e2d-a7a5-0e4982607d20,DRC,56,76,268,2,266,1748,9.53,92,20,Current,Low,0.007462686567164179,0.15217391304347827,0,0
ed5c8e91-b00a-44a3-8466-f47ea585bf21,Lesotho,61,59,587,101,486,2166,20.75,18,30,Current,Low,0.17206132879045996,0.22437673130193905,0,0
365f8466-4e66-4f69-bf7e-bb64229d6d91,Tanzania,26,25,273,14,259,2027,3.05,26,25,Current,Low,0.05128205128205128,0.12777503700049334,0,0
ac0e5038-3c99-4c65-af51-c3c8e0af5f52,Lesotho,65,119,1013,154,859,2754,6.97,59,4,Current,Low,0.15202369200394866,0.31190994916485115,0,0
48fe6acc-1bf8-44f0-8f15-02761dfab646,Mozambique,59,111,307,23,284,1117,26.91,63,21,Current,Low,0.0749185667752443,0.25425246195165624,0,0
8fcbea69-34da-47b8-bc51-4484d9a5e1f4,Ethiopia,59,85,945,354,591,2343,26.36,78,27,Current,Low,0.3746031746031746,0.25224071702944945,0,0
77f1a408-1a06-412c-9ccc-ade92d9ffd40,Kenya,27,6,853,426,427,2961,26.93,127,7,Current,Low,0.49941383352872215,0.14420803782505912,0,0
8bedfcf1-fc74-4000-83e4-8e4f304ac939,DRC,33,2,1177,327,850,1986,26.14,55,12,Current,Low,0.2778249787595582,0.42799597180261834,0,0
9d480d6f-a461-4a0f-b5ff-ffb46d083e79,Mozambique,32,74,544,159,385,2790,32.42,165,8,Current,Low,0.2922794117647059,0.13799283154121864,0,0
ec85d0bb-2392-4102-9227-dec2707f1100,Egypt,48,71,1075,397,678,1388,18.47,139,36,Late,Medium,0.36930232558139536,0.4884726224783862,0,0
bbed2700-fc92-4f49-9ed3-ee3a22344dbb,Egypt,42,70,72,6,66,1416,11.23,92,39,Late,Medium,0.08333333333333333,0.046610169491525424,0,0
9a08bd77-4f41-46cd-926a-ab1b0b769adb,Egypt,35,99,176,34,142,1327,16.66,75,38,Late,Medium,0.19318181818181818,0.10700828937452901,0,0
16329275-cde1-47e9-8c84-143996b155c0,South Africa,65,116,624,233,391,2299,16.64,184,16,Current,Low,0.3733974358974359,0.17007394519356242,0,0
1cf746b6-51c6-4b90-b7d9-f0399dea82c3,Lesotho,64,73,619,221,398,392,36.08,63,0,Current,Low,0.3570274636510501,1.0153061224489797,0,0
2209339d-d7b2-4f19-b4ae-a8c97c94d5b1,Egypt,21,24,1061,275,786,1929,30.42,91,20,Current,Low,0.25918944392082943,0.40746500777604977,0,0
b6d51d74-3e71-40fa-beeb-fd9a52f8048a,DRC,35,31,1176,107,1069,776,18.7,186,7,Current,Low,0.09098639455782313,1.3775773195876289,0,0
aa89fcfa-113d-494b-bcf3-713567c345b1,Tanzania,55,4,516,10,506,526,14.21,135,0,Current,Low,0.01937984496124031,0.9619771863117871,0,0
322055ba-dcc4-4155-916e-98b4a801ef86,DRC,28,30,221,21,200,1408,39.85,62,0,Current,Low,0.09502262443438914,0.14204545454545456,0,0
0d2a4cd0-0205-4855-90e6-d50aee3e4391,Mozambique,60,80,145,7,138,1191,14.9,111,20,Current,Low,0.04827586206896552,0.11586901763224182,0,0
29e6b8e1-74d3-4b38-b892-b9a412fdf886,Kenya,44,4,1047,225,822,1982,48.31,85,32,Late,Medium,0.2148997134670487,0.4147325933400605,0,0
c49874c6-7c44-413d-871e-6b34fd1ff108,DRC,46,4,185,3,182,1682,19.99,79,16,Current,Low,0.016216216216216217,0.10820451843043995,0,0
11f4178a-0fe1-49bb-9fac-570ad5fee576,Egypt,45,109,214,82,132,218,18.84,70,39,Late,Medium,0.38317757009345793,0.6055045871559633,0,0
72fb89a1-f26d-44b4-a359-baa8d7aeb2a2,Ethiopia,32,65,62,17,45,2176,27.53,183,19,Current,Low,0.27419354838709675,0.02068014705882353,0,0
201a36e5-a7cf-4ba8-8af8-3701b4ed6f7c,Ethiopia,34,90,1190,414,776,2878,9.07,108,3,Current,Low,0.34789915966386553,0.2696316886726894,0,0
ed09768e-c00b-4921-8eb6-c3a35edffd94,Kenya,49,78,300,150,150,2902,32.16,30,16,Current,Low,0.5,0.051688490696071676,0,0
35f7e80e-f51c-4117-a4a8-fdf4ea91979e,Tanzania,24,100,802,206,596,2067,17.54,99,18,Current,Low,0.256857855361596,0.2883405902273827,0,0
3a43ced0-be1a-404d-8652-78d904327168,DRC,31,3,702,270,432,1122,18.81,147,18,Current,Low,0.38461538461538464,0.3850267379679144,0,0
add740e2-ae4b-406d-9050-74e0cd140446,Kenya,48,48,375,117,258,445,44.01,68,2,Current,Low,0.312,0.5797752808988764,0,0
fb1d5b04-d744-4df6-8e55-a669a198a38d,Mozambique,49,18,1100,416,684,1537,20.81,25,35,Late,Medium,0.3781818181818182,0.4450227716330514,0,0
214b9995-d445-442c-88ab-7004edfaeed0,Tanzania,32,97,962,173,789,1296,3.47,9,3,Current,Low,0.17983367983367984,0.6087962962962963,0,0
5b0ba65f-c973-4be8-9b15-fc51f9d75f15,Egypt,55,110,249,112,137,966,36.15,35,22,Current,Low,0.4497991967871486,0.14182194616977226,0,0
2237c55a-be6a-4aa7-a593-0b519272dd37,DRC,32,66,954,186,768,814,35.83,4,40,Late,Medium,0.1949685534591195,0.9434889434889435,0,0
f463ffd8-2225-4988-99bc-7d602c53791c,Kenya,53,5,252,47,205,2132,21.01,123,18,Current,Low,0.1865079365079365,0.09615384615384616,0,0
93b9b238-a54c-434f-a7f6-ec4bf250b486,South Africa,28,63,1099,354,745,2303,48.24,84,10,Current,Low,0.3221110100090992,0.3234910985670864,0,0
d56d2ed2-4ddf-40af-a942-7ab98f5e43f1,Kenya,19,105,405,74,331,2691,1.97,43,50,Late,Medium,0.18271604938271604,0.12300260126347083,0,0
19c14265-8835-47be-9413-aa04ca8a2d04,South Africa,54,73,343,156,187,2580,30.0,180,24,Current,Low,0.45481049562682213,0.07248062015503876,0,0
9942f2fe-dfe5-4667-ba1e-15a698d82957,Tanzania,24,57,370,110,260,386,3.07,149,8,Current,Low,0.2972972972972973,0.6735751295336787,0,0
42a0889c-4e36-4c4b-8b9e-f633a4b98fec,Ethiopia,53,70,252,112,140,2038,15.45,168,22,Current,Low,0.4444444444444444,0.06869479882237488,0,0
5fd71935-d6bb-411e-965f-533a76c8682b,DRC,55,79,845,227,618,1511,13.81,60,20,Current,Low,0.2686390532544379,0.40900066181336864,0,0
eff1c86c-4789-41b1-a3ea-8d39b167fd68,Mozambique,33,65,351,125,226,2539,31.38,8,17,Current,Low,0.3561253561253561,0.08901142181961402,0,0
8d63079c-74d3-4f4c-9349-0d3bcc0566fb,Kenya,24,81,221,43,178,313,30.42,192,3,Current,Low,0.19457013574660634,0.5686900958466453,0,0
d39dadd7-15fc-4ece-9b90-d2966be75536,Ethiopia,52,82,1056,411,645,856,40.95,173,4,Current,Low,0.38920454545454547,0.7535046728971962,0,0
4068c2d7-333b-42b3-bd06-8a2df482f525,Lesotho,48,63,554,2,552,594,34.19,100,17,Current,Low,0.0036101083032490976,0.9292929292929293,0,0
56525804-a33d-413a-bdb8-a50fde4e0139,Mozambique,33,107,123,20,103,2565,34.38,8,22,Current,Low,0.16260162601626016,0.04015594541910331,0,0
7614ab5f-07f2-4f20-bbab-3b255e7adaed,Lesotho,62,1,66,23,43,1913,34.46,136,1,Current,Low,0.3484848484848485,0.02247778358599059,0,0
1e3e29a2-9b9c-451b-adb6-dff6ee32cea6,Egypt,52,11,738,40,698,657,28.24,76,21,Current,Low,0.05420054200542006,1.0624048706240488,0,0
13860b49-07a3-4c95-a32f-7fff1efcad2f,Mozambique,57,23,441,7,434,1202,29.98,14,40,Late,Medium,0.015873015873015872,0.3610648918469218,0,0
7c931a12-7c64-4fd3-888c-20e0e630f718,Kenya,49,101,959,181,778,2636,25.81,194,16,Current,Low,0.18873826903023982,0.295144157814871,0,0
9a4f41ba-916a-404d-af13-816822d11c7f,Tanzania,19,24,580,247,333,498,49.94,131,0,Current,Low,0.42586206896551726,0.6686746987951807,0,0
3653471e-f478-4a67-8e2e-4848f71d5696,DRC,43,19,685,104,581,580,39.26,16,34,Late,Medium,0.15182481751824817,1.0017241379310344,0,0
cc992fa0-b763-4b77-a114-804b4d82ced5,Tanzania,58,108,1097,138,959,1556,25.55,132,24,Current,Low,0.12579762989972654,0.6163239074550129,0,0
d68442a9-9002-440b-91dc-28ecaf634a4c,Lesotho,42,53,147,23,124,1458,9.77,140,0,Current,Low,0.1564625850340136,0.0850480109739369,0,0
ff171ad3-aa53-4c33-ac8d-907dbe57fc07,Lesotho,60,60,908,381,527,255,14.93,94,6,Current,Low,0.4196035242290749,2.066666666666667,0,0
de19ff06-3680-47dd-b242-569c5e005007,Ethiopia,42,68,749,131,618,1147,39.19,65,36,Late,Medium,0.17489986648865152,0.5387968613775065,0,0
b9818d45-2c28-4b0a-8877-47af1a506a0f,DRC,53,3,824,207,617,227,32.69,139,6,Current,Low,0.2512135922330097,2.7180616740088106,0,0
95eb679e-24a1-4f93-869b-a71748fa98f0,Mozambique,65,29,1017,370,647,573,25.41,82,4,Current,Low,0.3638151425762045,1.1291448516579408,0,0
4ab65245-f095-4259-84c2-7be3b13b6d49,Mozambique,46,61,577,31,546,756,33.23,76,28,Current,Low,0.053726169844020795,0.7222222222222222,0,0
03473163-bc6d-417e-b695-7859ef3c71f4,Lesotho,27,28,493,217,276,2719,18.98,74,9,Current,Low,0.44016227180527384,0.10150790731886723,0,0
73131acc-e09a-4746-bc0d-f06c9bd947c7,South Africa,30,115,988,194,794,2805,42.86,177,18,Current,Low,0.19635627530364372,0.28306595365418896,0,0
022f92b4-3440-4fa6-8b59-ef4699028e88,Lesotho,24,45,931,439,492,1599,43.48,198,0,Current,Low,0.4715359828141783,0.3076923076923077,0,0
31105330-a597-48fe-a571-2b7adc19b472,Ethiopia,59,82,179,48,131,2476,14.4,36,0,Current,Low,0.2681564245810056,0.05290791599353797,0,0
9035dd83-f05e-409b-9422-0a4f6a7319bb,Egypt,21,49,115,23,92,1000,39.69,127,14,Current,Low,0.2,0.092,0,0
2fbf606e-a061-41b4-baa5-eeafedfb8c39,DRC,53,117,1193,20,1173,1579,4.6,195,17,Current,Low,0.016764459346186086,0.7428752374920836,0,0
37c2aab3-f973-45bf-8eee-a9080ada5024,Lesotho,25,112,372,119,253,1543,17.92,161,41,Late,Medium,0.31989247311827956,0.16396629941672067,0,0
0f6f16fd-2edb-41d1-8ee2-450fb79bd84f,South Africa,19,8,421,22,399,1703,20.04,26,0,Current,Low,0.052256532066508314,0.23429242513211979,0,0
87ab7fda-31a3-498d-921d-1348a7f30d3d,Mozambique,24,15,147,69,78,2120,26.35,117,9,Current,Low,0.46938775510204084,0.03679245283018868,0,0
ac3bfe74-2a38-4865-9f92-f93d4f87e17b,Mozambique,43,50,584,275,309,1919,11.15,159,16,Current,Low,0.4708904109589041,0.16102136529442418,0,0
4e0254be-6f66-435f-b18d-d4ed751c5bd3,Lesotho,24,64,63,2,61,2433,34.53,97,0,Current,Low,0.031746031746031744,0.02507192766132347,0,0
f0723d2c-ca6f-4cf1-9754-96aa0478a955,South Africa,30,106,486,172,314,2712,8.29,105,7,Current,Low,0.35390946502057613,0.11578171091445427,0,0
e5671090-27a4-4257-a500-57e485db8c17,Lesotho,62,13,970,106,864,2568,35.05,128,5,Current,Low,0.10927835051546392,0.3364485981308411,0,0
6a8242bd-a730-41ec-9bc6-b5dcc5092fb5,Ethiopia,30,100,395,145,250,2745,7.67,43,0,Current,Low,0.3670886075949367,0.09107468123861566,0,0
7d800dce-1db0-4910-a07d-6abf788b3a69,Tanzania,47,38,944,410,534,2710,42.01,89,37,Late,Medium,0.4343220338983051,0.1970479704797048,0,0
44dbaaa1-0aac-4b0e-a5a8-6c9e5256a73b,Ethiopia,49,8,111,32,79,890,11.93,110,0,Current,Low,0.2882882882882883,0.08876404494382023,0,0
bc946276-93c7-4845-bfbd-e5bcebfa8493,Mozambique,24,30,307,136,171,2440,32.97,196,15,Current,Low,0.44299674267100975,0.07008196721311476,0,0
5bb6baa8-101f-45ed-8905-432f4b7188cc,Mozambique,58,21,839,319,520,2753,16.57,36,37,Late,Medium,0.3802145411203814,0.1888848528877588,0,0
9f4ab0e9-5c1b-4ca1-8242-0b41e9e33633,Ethiopia,29,52,218,86,132,1542,39.34,138,45,Late,Medium,0.3944954128440367,0.08560311284046693,0,0
f9cb2925-1141-4490-8848-a799e5904857,DRC,43,59,389,74,315,1347,13.22,77,22,Current,Low,0.19023136246786632,0.23385300668151449,0,0
caf1eb48-1cc0-44dd-be4b-ba57b36c2535,Ethiopia,26,7,1009,70,939,181,49.2,99,32,Late,Medium,0.06937561942517344,5.1878453038674035,0,0
4730ccfd-6c88-472d-a090-55339dc86e24,DRC,58,28,1123,275,848,208,33.36,46,31,Late,Medium,0.24487978628673196,4.076923076923077,0,0
aa3fbe08-6671-42e5-94b5-41592d7e88f7,Tanzania,36,44,804,262,542,1066,24.01,101,19,Current,Low,0.32587064676616917,0.5084427767354597,0,0
78ca568a-3d5d-4a35-9f8b-9072ac700bd5,Egypt,32,85,1084,178,906,1467,35.91,22,0,Current,Low,0.16420664206642066,0.6175869120654397,0,0
98e76b7d-9e93-46cc-aa50-3244782c3d20,DRC,57,61,1037,115,922,1322,44.45,20,0,Current,Low,0.11089681774349083,0.697428139183056,0,0
a61d8629-1b1f-4c07-87dd-5d331262e0a2,Tanzania,29,46,365,84,281,2663,25.81,0,19,Current,Low,0.23013698630136986,0.10552009012392038,0,0
aae1b9d5-31b3-485a-90f6-b2ca0fe06175,South Africa,44,94,517,47,470,695,42.71,13,0,Current,Low,0.09090909090909091,0.6762589928057554,0,0
db233c55-f4be-4ada-819d-3d1f4ea6b39d,South Africa,62,77,56,7,49,904,19.86,169,32,Late,Medium,0.125,0.05420353982300885,0,0
74b9785e-e6c0-4572-87d2-bd8f9d29d250,Lesotho,22,120,242,57,185,2425,29.89,71,1,Current,Low,0.23553719008264462,0.07628865979381444,0,0
daf9d364-ce55-4148-b82d-06b9876df362,Lesotho,63,6,167,71,96,665,29.98,26,14,Current,Low,0.4251497005988024,0.1443609022556391,0,0
3b6fb51a-0e20-47a7-9e69-5a6dca339a9e,Lesotho,36,85,507,37,470,1231,45.03,10,13,Current,Low,0.07297830374753451,0.3818034118602762,0,0
66726b29-082b-4a9c-bb76-1971a74ac186,Tanzania,56,39,1110,352,758,1356,42.67,30,0,Current,Low,0.3171171171171171,0.5589970501474927,0,0
48aca4ab-dc96-40b6-9302-05938aeff72b,Ethiopia,65,39,725,306,419,1758,26.56,84,0,Current,Low,0.4220689655172414,0.23833902161547213,0,0
9e0925c5-fd68-4031-9889-a75136d8190f,Tanzania,40,83,1181,542,639,137,29.34,28,0,Current,Low,0.45893310753598643,4.664233576642336,0,0
63a2525e-19d2-475c-997b-caa03ef85e1b,DRC,52,89,707,201,506,838,47.75,200,19,Current,Low,0.2842998585572843,0.60381861575179,0,0
74cb7d2a-058a-46bd-a7f3-32458b91f2e1,Egypt,32,102,670,189,481,1178,48.51,156,29,Current,Low,0.282089552238806,0.4083191850594228,0,0
935f7dbe-698e-4eab-837c-3d9649decc90,Tanzania,38,103,747,371,376,632,29.25,44,18,Current,Low,0.4966532797858099,0.5949367088607594,0,0
39d560c6-7030-48e7-9b6f-8c36fc7f47b3,South Africa,20,6,757,259,498,583,31.49,145,33,Late,Medium,0.34214002642007924,0.8542024013722127,0,0
a3eb5000-6c5c-4b38-b243-ed04ec8d583f,Lesotho,22,65,1161,297,864,833,16.61,165,7,Current,Low,0.2558139534883721,1.0372148859543817,0,0
14262ea3-617b-4263-9bfa-74e38afd58dd,Lesotho,26,57,974,329,645,261,28.04,169,11,Current,Low,0.337782340862423,2.471264367816092,0,0
4b4851bf-23ff-4bea-82fc-aaa98d80164b,Mozambique,29,107,264,72,192,2257,12.61,174,14,Current,Low,0.2727272727272727,0.08506867523260966,0,0
3b9fc2d4-9545-4ffa-81f0-f9d870b88ab7,Egypt,54,44,148,44,104,222,32.24,117,43,Late,Medium,0.2972972972972973,0.46846846846846846,0,0
cf8fdf97-f720-4b6a-b61e-0621edb9833b,South Africa,46,74,657,297,360,2389,33.55,51,34,Late,Medium,0.4520547945205479,0.1506906655504395,0,0
759b732e-ddb8-48fc-96ad-d50daeac328a,Tanzania,56,118,259,84,175,274,43.07,183,31,Late,Medium,0.32432432432432434,0.6386861313868614,0,0
de7d34b3-eb89-43c0-8143-3b125a60b3ed,DRC,32,56,700,332,368,2130,22.16,23,44,Late,Medium,0.4742857142857143,0.1727699530516432,0,0
ce6213d4-04c7-48fe-b6a7-bf06b98a0dea,DRC,28,107,1197,563,634,107,7.95,154,32,Late,Medium,0.4703425229741019,5.925233644859813,0,0
2e61e47e-e2b8-44d0-bfa4-6b61d5ff516d,South Africa,27,27,1175,240,935,509,30.07,193,30,Current,Low,0.20425531914893616,1.836935166994106,0,0
88498235-ec12-43c8-8864-a6b777d3f0aa,Tanzania,33,75,55,1,54,1103,42.92,109,59,Late,Medium,0.01818181818181818,0.04895738893925657,0,0
3c3245f7-b289-4ee6-a4d5-ac592cf3a850,DRC,46,75,122,51,71,1386,40.3,148,14,Current,Low,0.4180327868852459,0.051226551226551224,0,0
5de76af0-5d73-432d-9f4d-d8b141bf627f,DRC,27,102,541,168,373,847,33.43,180,22,Current,Low,0.31053604436229204,0.44037780401416765,0,0
890ccf48-f1c6-4016-aa22-61ea0f2a8f7a,Kenya,21,12,521,216,305,1204,10.2,37,1,Current,Low,0.4145873320537428,0.25332225913621265,0,0
07e84dde-6461-42f0-9ee9-1abe85963218,DRC,23,31,138,66,72,1519,25.54,186,0,Current,Low,0.4782608695652174,0.04739960500329164,0,0
a7aade90-2bf9-43ba-b057-cd62392f88fd,South Africa,39,35,1009,67,942,1874,11.34,169,0,Current,Low,0.06640237859266601,0.5026680896478122,0,0
af7b98aa-01be-41cc-88f9-10820dbb5c04,Mozambique,43,3,57,15,42,1942,1.36,159,0,Current,Low,0.2631578947368421,0.021627188465499485,0,0
0d51efb5-dea1-46c6-a2ae-fb1e0c1a188e,Lesotho,47,19,790,205,585,1039,35.88,4,56,Late,Medium,0.25949367088607594,0.563041385948027,0,0
19d82170-7bf1-4597-bdec-60f7221ffb14,South Africa,30,5,752,74,678,1566,19.21,152,43,Late,Medium,0.09840425531914894,0.4329501915708812,0,0
f88843a2-37d7-4faf-b7c6-3798077a9c20,DRC,41,64,906,413,493,2885,40.48,164,19,Current,Low,0.45584988962472406,0.1708838821490468,0,0
deb100c6-581c-429c-ac92-a2ede0fa9bda,Kenya,27,62,1065,307,758,153,41.99,134,0,Current,Low,0.28826291079812205,4.954248366013072,0,0
24d29d41-3825-4481-a0e2-0738277f97de,South Africa,26,63,595,79,516,1479,19.7,95,11,Current,Low,0.13277310924369748,0.3488843813387424,0,0
3760e20d-22fb-40e9-a383-da75a3622fee,Ethiopia,24,62,118,55,63,1861,46.9,139,14,Current,Low,0.4661016949152542,0.0338527673293928,0,0
659c7d44-f6b4-412b-8d86-e0cacfa76a5a,Ethiopia,57,28,543,109,434,440,37.49,162,33,Late,Medium,0.2007366482504604,0.9863636363636363,0,0
bcdb3152-f0b9-45f6-8f32-eb050571bbd3,Kenya,45,48,323,46,277,450,9.29,191,10,Current,Low,0.14241486068111456,0.6155555555555555,0,0
2f577a07-2bb3-4c3f-a5a6-01e9943880d1,Kenya,19,49,585,289,296,2073,8.77,167,40,Late,Medium,0.49401709401709404,0.1427882296189098,0,0
98f737bb-9127-4d06-a075-d6cd4fce3033,Mozambique,26,105,1078,399,679,1572,13.68,166,49,Late,Medium,0.37012987012987014,0.43193384223918574,0,0
b8dbf820-1ce6-4c29-afca-200b5982b93b,South Africa,55,39,172,47,125,2347,36.43,23,18,Current,Low,0.27325581395348836,0.05325948018747337,0,0
96c6127f-79f6-479f-a8d2-e75c9af4f3dc,Ethiopia,59,67,713,51,662,2851,34.99,162,44,Late,Medium,0.07152875175315568,0.232199228340933,0,0
fc6b1825-6da0-47c0-b9b5-ac17d4395de6,Mozambique,35,31,899,284,615,1247,27.65,197,0,Current,Low,0.31590656284760843,0.49318364073777066,0,0
6bd9f592-eedb-4b43-8cc2-34eaa80983a8,Mozambique,48,28,1017,218,799,754,33.37,126,53,Late,Medium,0.2143559488692232,1.0596816976127321,0,0
59a705d9-03b7-4e78-a0d2-447e437d63cd,South Africa,48,110,398,6,392,2592,40.98,143,53,Late,Medium,0.01507537688442211,0.15123456790123457,0,0
18162713-8e03-48d5-8bf2-fabc28fc4a7e,Egypt,59,1,1112,5,1107,2348,42.67,46,10,Current,Low,0.0044964028776978415,0.4714650766609881,0,0
7ee737a7-f42a-4ccb-8e90-25178f7676c2,DRC,34,23,307,96,211,803,43.82,142,32,Late,Medium,0.3127035830618892,0.2627646326276463,0,0
57662173-65de-4b13-adfa-b08b87ab24a5,South Africa,42,12,870,219,651,382,1.38,162,23,Current,Low,0.2517241379310345,1.7041884816753927,0,0
7e56560b-9a99-46cb-9e0b-006f851b5d05,DRC,43,108,955,49,906,2085,1.17,84,43,Late,Medium,0.05130890052356021,0.43453237410071943,0,0
4ea80cad-fef3-4e2c-a245-4833295fdf37,Mozambique,38,75,677,0,677,2588,5.77,139,9,Current,Low,0.0,0.2615919629057187,0,0
de158123-4a91-4992-94e5-08be892dff52,Egypt,52,24,797,252,545,2925,14.4,78,27,Current,Low,0.3161856963613551,0.18632478632478633,0,0
4658f454-076c-4b81-8ca3-dbde43f15f2c,Egypt,59,22,841,403,438,2436,24.26,72,0,Current,Low,0.47919143876337694,0.17980295566502463,0,0
97a4a328-b64a-405f-acee-2239a0851707,Tanzania,33,113,688,5,683,2887,20.63,113,1,Current,Low,0.007267441860465116,0.23657776238309663,0,0
7ae09bce-db91-49e6-9574-9c4c70320819,Ethiopia,41,39,1057,418,639,437,47.76,90,0,Current,Low,0.3954588457899716,1.4622425629290619,0,0
f6af34ac-252e-4355-a08e-df4d89515053,Tanzania,51,85,1053,109,944,2056,6.32,103,21,Current,Low,0.10351377018043685,0.4591439688715953,0,0
6614ab4e-832a-4bd5-ba67-979114bc94fe,Kenya,60,50,400,199,201,997,19.7,69,5,Current,Low,0.4975,0.20160481444332998,0,0
ef30eb2b-9b70-48c5-a09b-e830e1066669,Tanzania,46,36,967,273,694,835,19.64,79,31,Late,Medium,0.2823164426059979,0.8311377245508982,0,0
336a4da7-dfa3-4bbb-ae0e-a94ff0bce91e,South Africa,37,75,90,34,56,926,17.35,83,28,Current,Low,0.37777777777777777,0.06047516198704104,0,0
ff52e7a3-7604-4bde-9ebb-d8f40134d505,Egypt,18,31,719,81,638,436,38.53,138,0,Current,Low,0.11265646731571627,1.463302752293578,0,0
9c249844-50e9-498f-b9c1-f2863c5df56a,Ethiopia,31,69,690,177,513,1524,42.55,78,14,Current,Low,0.2565217391304348,0.33661417322834647,0,0
3e1e867d-1493-4732-a191-a73f632e789c,Ethiopia,34,7,338,32,306,673,17.52,140,7,Current,Low,0.09467455621301775,0.45468053491827637,0,0
2eea717b-6d16-4ed9-a002-1948db3da81f,DRC,55,65,68,32,36,481,9.23,4,12,Current,Low,0.47058823529411764,0.07484407484407485,0,0
0c190352-50f8-444c-9133-db495b818b55,DRC,52,49,83,17,66,1452,26.66,29,0,Current,Low,0.20481927710843373,0.045454545454545456,0,0
170cad88-7fd5-4482-8566-3a2aab04fce7,Egypt,19,6,318,71,247,337,44.35,106,5,Current,Low,0.22327044025157233,0.7329376854599406,0,0
2faba160-5235-4d6e-9f2f-697b46d8e8d3,Kenya,42,6,978,86,892,2514,4.44,116,0,Current,Low,0.08793456032719836,0.35481304693715193,0,0
7f5fb265-01e3-4e3a-b852-4245264850c7,Egypt,20,54,215,91,124,585,31.24,145,19,Current,Low,0.4232558139534884,0.21196581196581196,0,0
a917e47d-8ceb-4094-9371-bf4b97a6d14e,Ethiopia,46,13,1092,215,877,1589,41.74,151,11,Current,Low,0.19688644688644688,0.5519194461925739,0,0
3b3ef166-acca-4f98-a11e-2ca9ba334f5b,Lesotho,25,62,199,40,159,2658,7.64,128,25,Current,Low,0.20100502512562815,0.05981941309255079,0,0
732872c0-0b99-4ac9-addc-57af43aad011,Mozambique,22,2,839,48,791,157,33.54,179,25,Current,Low,0.057210965435041714,5.038216560509555,0,0
ed598166-1574-489e-85ee-f6cecc3653c1,DRC,36,66,345,93,252,1495,0.6,49,47,Late,Medium,0.26956521739130435,0.16856187290969898,0,0
c80eb275-b2c3-4a99-a467-bbee3ba992fb,Tanzania,21,4,768,66,702,2630,32.2,53,49,Late,Medium,0.0859375,0.26692015209125475,0,0
dd2d3da5-b8fe-4292-826f-0fe7e399e59e,Tanzania,28,18,670,11,659,345,16.86,122,0,Current,Low,0.016417910447761194,1.9101449275362319,0,0
58ed5d31-1080-4bb8-9bce-58ca270f6958,Lesotho,35,93,1038,447,591,1665,2.22,171,40,Late,Medium,0.430635838150289,0.35495495495495494,0,0
f0be48f7-ded3-44d6-9dce-142d4c483ba4,Tanzania,47,99,977,291,686,918,46.85,29,18,Current,Low,0.2978505629477994,0.7472766884531591,0,0
643836ce-9b50-45e7-9bb1-752508003228,South Africa,20,64,774,32,742,2077,4.81,200,0,Current,Low,0.041343669250646,0.3572460279248917,0,0
774edfd2-a710-40ff-af62-2d7ec26b1da5,Egypt,25,85,729,219,510,2969,49.45,135,0,Current,Low,0.3004115226337449,0.17177500842034354,0,0
f07b6670-6664-4cb2-a880-c4eb9f77ec08,Lesotho,52,90,510,251,259,1296,40.0,180,52,Late,Medium,0.492156862745098,0.19984567901234568,0,0
01c6394c-efdc-4063-a08b-16314ea7a33f,Mozambique,32,97,299,21,278,1572,1.62,69,24,Current,Low,0.07023411371237458,0.17684478371501272,0,0
dc3192cb-61a3-4979-907c-f1f885304aed,South Africa,32,64,119,44,75,2043,20.63,18,0,Current,Low,0.3697478991596639,0.03671071953010279,0,0
7b145d15-dee0-48e7-8c92-4294cd4a9bc3,Kenya,46,50,550,246,304,717,33.39,194,0,Current,Low,0.44727272727272727,0.42398884239888424,0,0
1f4aa324-bb72-4ef6-9e23-2eca9ff587d2,Tanzania,58,54,279,137,142,2530,1.73,127,7,Current,Low,0.4910394265232975,0.05612648221343874,0,0
3c7a775b-de42-49d8-9f13-6716197a2796,Egypt,21,99,630,248,382,2165,20.72,154,36,Late,Medium,0.39365079365079364,0.17644341801385682,0,0
6c6d3cbf-5d6b-4556-bef9-1c48a47f69ef,South Africa,52,7,366,145,221,2006,49.67,59,2,Current,Low,0.39617486338797814,0.11016949152542373,0,0
b6e108c3-e720-49d4-87bb-d1c2749a52a8,Egypt,22,4,618,20,598,1630,23.35,62,7,Current,Low,0.032362459546925564,0.36687116564417177,0,0
dd60def5-1ae4-4bd0-885b-1c8dae18c367,Kenya,52,62,726,239,487,1123,16.71,74,49,Late,Medium,0.32920110192837465,0.43365983971504896,0,0
dae32451-153a-4a09-a496-9c5e39629f21,Ethiopia,57,72,1085,49,1036,2456,7.28,14,36,Late,Medium,0.04516129032258064,0.4218241042345277,0,0
125bbe28-21ef-4efc-9d23-9125004e2d2f,Tanzania,35,116,886,36,850,2865,14.51,96,50,Late,Medium,0.040632054176072234,0.29668411867364747,0,0
f9f90638-fdc4-442c-8eea-299566e88d83,Mozambique,32,14,945,464,481,104,10.53,40,11,Current,Low,0.491005291005291,4.625,0,0
bb37f379-5dcc-4539-b798-e13d165be53d,DRC,58,13,978,193,785,252,35.68,107,18,Current,Low,0.19734151329243355,3.115079365079365,0,0
63146b72-c3d3-453b-ab26-05e0eed6eee4,South Africa,35,58,272,27,245,2068,25.24,144,0,Current,Low,0.09926470588235294,0.11847195357833655,0,0
2583dc48-bc6c-4518-ba67-cc3143c8bd62,Kenya,30,40,279,135,144,2679,6.46,16,38,Late,Medium,0.4838709677419355,0.05375139977603583,0,0
69b44b51-2aa2-41f1-a407-2142e886772c,Egypt,63,55,697,105,592,1071,6.41,47,0,Current,Low,0.15064562410329985,0.5527544351073763,0,0
99f8930b-23b9-426b-b11f-fb6bcaf7af9f,Tanzania,35,69,973,57,916,1085,43.83,131,30,Current,Low,0.05858170606372045,0.8442396313364056,0,0
ffb68277-47e7-4697-a9a9-1786e211df76,Kenya,28,92,338,115,223,1577,23.08,9,5,Current,Low,0.34023668639053256,0.14140773620798985,0,0
355c7e6f-24bc-4a07-b1fe-82e87d7c311f,Lesotho,42,73,415,195,220,874,39.83,123,22,Current,Low,0.46987951807228917,0.2517162471395881,0,0
a59142e0-5ba4-4882-9ca2-17edb848c262,Tanzania,32,53,396,191,205,2826,28.16,169,70,Default,High,0.4823232323232323,0.07254069355980183,1,1
627a5168-81ff-408b-ad22-92af0e93c544,Egypt,48,6,769,23,746,1276,34.94,104,58,Late,Medium,0.02990897269180754,0.5846394984326019,0,0
0fcb4670-b253-45cd-9204-870f959c1f68,DRC,39,91,160,26,134,2670,23.05,43,65,Default,High,0.1625,0.050187265917602995,1,1
4d237338-2bbe-4fd9-aadd-e6b8fa5c71a9,Egypt,58,114,459,9,450,624,21.83,167,31,Late,Medium,0.0196078431372549,0.7211538461538461,0,0
0fb8e510-e4c4-49e8-ac5f-9bee0817f9f8,Tanzania,26,26,863,150,713,2542,2.69,50,6,Current,Low,0.17381228273464658,0.2804878048780488,0,0
11f5565d-10c6-452c-b8fc-11abc944872d,Tanzania,42,30,1160,95,1065,2306,41.87,96,24,Current,Low,0.08189655172413793,0.46183868169991327,0,0
5fb1f9a5-b6a9-4b73-9ee7-23403fe7cb1c,Lesotho,62,7,842,142,700,2993,23.18,142,0,Current,Low,0.16864608076009502,0.23387905111927831,0,0
59678b3a-300a-4d1f-bdc9-e418b7f7c8c7,Ethiopia,59,36,549,263,286,1209,13.98,90,0,Current,Low,0.4790528233151184,0.23655913978494625,0,0
429f16bf-6011-423b-af74-6286c7afb0a6,Tanzania,39,61,811,287,524,621,35.09,194,5,Current,Low,0.35388409371146734,0.8438003220611916,0,0
a0ff6985-959d-4da7-a9f9-bdc41876057f,South Africa,40,55,747,156,591,1686,0.7,83,0,Current,Low,0.20883534136546184,0.3505338078291815,0,0
1cbce65a-cc56-4785-ad08-07bc578eda44,South Africa,25,83,353,159,194,347,43.04,197,0,Current,Low,0.45042492917847027,0.5590778097982709,0,0
ea0b8bd6-8bf3-4b99-824b-7edc42860910,DRC,35,55,849,199,650,966,19.55,26,31,Late,Medium,0.23439340400471143,0.6728778467908902,0,0
edb73434-78ac-49ed-8a24-b4368f707a1c,Kenya,20,90,1094,38,1056,773,29.48,30,20,Current,Low,0.03473491773308958,1.3661060802069858,0,0
906cf7e7-6f4e-45b3-8acd-50e7c095df88,DRC,57,83,342,97,245,2075,7.17,122,39,Late,Medium,0.28362573099415206,0.1180722891566265,0,0
62846ae7-dc30-4c49-a801-a221f160c827,Egypt,36,107,517,145,372,1853,18.3,4,33,Late,Medium,0.2804642166344294,0.20075553157042633,0,0
82b0f812-300d-4e3f-b6ff-dca48c48f8ca,Lesotho,56,84,1046,39,1007,2145,31.24,122,23,Current,Low,0.0372848948374761,0.4694638694638695,0,0
2e27acf0-6fcf-4123-bab9-49ffb913b4fa,Ethiopia,53,6,747,25,722,2178,44.36,153,18,Current,Low,0.03346720214190094,0.3314967860422406,0,0
5bc1e31d-fef4-4925-9ec2-b2ccc2b22387,Ethiopia,63,48,1130,116,1014,1031,10.07,180,22,Current,Low,0.10265486725663717,0.9835111542192047,0,0
0fab5203-b2f6-4e73-8c16-d60d2192b72d,Mozambique,24,17,238,48,190,540,4.95,138,30,Current,Low,0.20168067226890757,0.35185185185185186,0,0
37c5db8d-fc9e-4392-8484-e4d2c5ac6ccf,Tanzania,31,101,298,45,253,1509,22.17,111,16,Current,Low,0.15100671140939598,0.16766070245195494,0,0
305d004d-795a-4543-a776-97f7f73d2e21,Kenya,29,108,965,272,693,535,0.56,183,2,Current,Low,0.28186528497409324,1.2953271028037383,0,0
08cc2726-ab53-4048-be11-43a9c47d8350,Kenya,27,107,222,8,214,173,21.73,84,23,Current,Low,0.036036036036036036,1.2369942196531791,0,0
7eeab2bf-3da4-4bfc-8bb1-fa8491b38081,Egypt,44,67,580,140,440,2974,45.56,185,22,Current,Low,0.2413793103448276,0.14794889038332212,0,0
65cd4bf6-4cfa-4e7e-a228-f9e533ec70c3,South Africa,26,81,916,408,508,392,2.13,39,29,Current,Low,0.44541484716157204,1.2959183673469388,0,0
65edfd48-ddd0-4d84-bf19-789339071a63,South Africa,46,55,288,73,215,384,26.14,30,26,Current,Low,0.2534722222222222,0.5598958333333334,0,0
7f2f42af-1180-427d-b6b1-7f6cdf694224,Ethiopia,48,114,504,251,253,1581,37.07,34,53,Late,Medium,0.498015873015873,0.16002530044275776,0,0
d6572e8a-95d2-402a-ad43-794d3f2587e3,Egypt,30,30,531,1,530,1516,32.4,131,0,Current,Low,0.0018832391713747645,0.3496042216358839,0,0
7339a785-a1db-4adf-b189-0ac5cd7c56af,Ethiopia,54,5,748,0,748,2046,8.35,120,1,Current,Low,0.0,0.3655913978494624,0,0
71b3bc53-48b8-47c2-88bb-864b926b735b,Egypt,51,81,197,48,149,2290,43.25,161,20,Current,Low,0.2436548223350254,0.06506550218340611,0,0
7c6b2932-8a6a-4dbf-b9f2-252af26cb81d,Lesotho,57,102,1022,276,746,236,36.92,66,0,Current,Low,0.2700587084148728,3.1610169491525424,0,0
612aad4c-001f-41ce-ad56-4ca4e8aade3c,South Africa,64,19,1183,543,640,1480,23.76,31,0,Current,Low,0.45900253592561285,0.43243243243243246,0,0
55460409-fc03-4eb4-b60a-05cdc46ed423,Mozambique,43,33,793,311,482,2471,28.95,115,48,Late,Medium,0.3921815889029004,0.19506272764063132,0,0
28e0b543-dc48-406f-939c-4d14efd9e467,DRC,38,37,843,264,579,327,29.22,97,38,Late,Medium,0.31316725978647686,1.7706422018348624,0,0
30595e00-3123-42e6-aba1-fe3bffd5048f,Kenya,30,14,877,222,655,2762,35.07,154,55,Late,Medium,0.2531356898517674,0.23714699493120928,0,0
dc71be04-508b-42b3-8e9c-743f48118a64,Ethiopia,46,60,1079,337,742,2483,22.29,180,2,Current,Low,0.3123262279888786,0.29883205799436163,0,0
98c30212-a6ea-4510-8ddf-ff88c00fec45,South Africa,48,17,717,197,520,1175,29.84,23,18,Current,Low,0.27475592747559274,0.4425531914893617,0,0
22b32c4e-b55c-4faa-9c8a-3b66c0267a69,Ethiopia,49,32,861,158,703,811,1.36,114,3,Current,Low,0.1835075493612079,0.8668310727496917,0,0
3c971828-1d19-411e-9582-bf60e49a3d37,South Africa,42,30,808,78,730,1465,48.53,59,19,Current,Low,0.09653465346534654,0.49829351535836175,0,0
d6b4e15f-4c7a-4a74-992c-d999cded5bc7,Lesotho,26,48,1142,201,941,748,2.57,98,4,Current,Low,0.17600700525394045,1.2580213903743316,0,0
4519e65d-3ab3-4607-b7a1-f2a76ab6733f,Lesotho,18,37,636,6,630,2399,22.0,179,0,Current,Low,0.009433962264150943,0.2626094205919133,0,0
4aaa5268-0131-4278-9794-a8f9cc1aa33b,Lesotho,22,83,879,363,516,1312,11.74,142,0,Current,Low,0.4129692832764505,0.3932926829268293,0,0
1df90d32-d845-4886-85db-642685580e85,South Africa,64,15,1030,299,731,965,3.36,134,42,Late,Medium,0.2902912621359223,0.7575129533678756,0,0
0ef32fbd-d8b0-4213-b3c6-44447408ddc3,Kenya,44,46,845,91,754,2474,45.6,113,0,Current,Low,0.1076923076923077,0.3047696038803557,0,0
1422f76c-d763-4efc-8711-eabdb8aa2f61,Egypt,50,15,147,1,146,1386,42.08,63,14,Current,Low,0.006802721088435374,0.10533910533910534,0,0
595c0eb0-e28c-495d-b37a-9f6839e2ce5c,South Africa,41,104,1194,13,1181,944,3.27,185,18,Current,Low,0.010887772194304857,1.2510593220338984,0,0
7b88fe87-9a3d-45a5-9140-fffe9cdc253c,Mozambique,58,45,494,130,364,2596,38.54,55,6,Current,Low,0.2631578947368421,0.14021571648690292,0,0
bc5e6d6d-f689-4232-8e88-d77ed393ac1a,DRC,59,18,302,29,273,2636,11.3,51,0,Current,Low,0.09602649006622517,0.1035660091047041,0,0
aa97b635-8837-4efb-92cd-937e13136478,DRC,52,95,817,216,601,2696,16.65,106,15,Current,Low,0.26438188494492043,0.22292284866468842,0,0
ef28d44a-6071-4b73-971a-d4f48ef4a9af,Egypt,25,108,161,18,143,351,10.23,58,20,Current,Low,0.11180124223602485,0.4074074074074074,0,0
93278390-6ee8-4758-8551-da56b34138ad,Ethiopia,51,41,156,47,109,2570,42.4,83,21,Current,Low,0.30128205128205127,0.042412451361867706,0,0
6fdcb90a-1ef1-4346-b5e1-8e6bc2caecbf,Kenya,28,73,1002,72,930,970,14.53,167,0,Current,Low,0.0718562874251497,0.9587628865979382,0,0
863abc49-7632-4ba5-b793-475c08309c75,Ethiopia,49,39,762,342,420,2669,41.06,61,23,Current,Low,0.44881889763779526,0.15736230798051704,0,0
315ff265-2829-4729-a996-c0bd5a01669b,Egypt,34,17,269,53,216,2388,26.29,66,7,Current,Low,0.1970260223048327,0.09045226130653267,0,0
7e694bb0-8db8-403b-9561-201245b7d0c7,Egypt,21,49,143,7,136,504,29.68,128,19,Current,Low,0.04895104895104895,0.2698412698412698,0,0
34ad8975-b090-4e33-afd9-644f4bcc2ce8,DRC,29,37,666,316,350,539,33.11,16,9,Current,Low,0.4744744744744745,0.6493506493506493,0,0
8f6f8c8b-45e7-4bbe-b4a6-7b1dcf2e5f8f,Kenya,19,110,676,136,540,2237,26.12,118,56,Late,Medium,0.20118343195266272,0.24139472507822976,0,0
761259ca-f36c-4188-a62c-c2c3c205515a,Lesotho,25,88,555,271,284,2088,36.61,60,8,Current,Low,0.4882882882882883,0.1360153256704981,0,0
e9208d83-0571-4e6b-9842-1584bf9979c8,Egypt,39,27,732,153,579,246,33.5,88,8,Current,Low,0.20901639344262296,2.3536585365853657,0,0
67b30a37-36c4-469f-bfc0-d0c3cc2dc1a7,Ethiopia,41,79,837,58,779,2080,45.06,172,48,Late,Medium,0.06929510155316607,0.37451923076923077,0,0
17d39fa7-4b15-4cc4-81ca-3d9ea3433c64,Mozambique,31,88,315,37,278,2117,40.59,57,0,Current,Low,0.11746031746031746,0.13131790269248939,0,0
a6ce7e52-1d7f-4a3a-a8f7-887321139eca,Mozambique,23,96,204,74,130,2707,36.07,134,51,Late,Medium,0.3627450980392157,0.04802364240857037,0,0
b716336d-af50-4a88-8025-486482d66d6d,Lesotho,53,61,371,151,220,1585,34.78,80,7,Current,Low,0.40700808625336926,0.138801261829653,0,0
dbb11746-ffa0-439f-8fd3-9789d1a651d6,DRC,22,111,490,80,410,1603,6.53,55,32,Late,Medium,0.16326530612244897,0.2557704304429195,0,0
1d09bf62-37f0-4343-a6b5-a0ef6fc6bcfa,Egypt,32,120,719,316,403,853,31.7,11,0,Current,Low,0.43949930458970793,0.47245017584994137,0,0
364f32d3-58c6-4e15-a9c0-c5d72a9ee638,South Africa,50,72,916,130,786,2770,13.57,188,43,Late,Medium,0.14192139737991266,0.28375451263537904,0,0
754b2e65-cedf-4b17-ac9c-02b06efccd50,DRC,56,21,1121,149,972,121,28.96,188,26,Current,Low,0.13291703835860838,8.03305785123967,0,0
c3e6fa9e-fccf-48e4-8805-33a6a7910687,Kenya,43,24,626,122,504,2028,19.19,173,24,Current,Low,0.19488817891373802,0.2485207100591716,0,0
d09c4cbc-2589-45b7-b4a8-0f24db43d915,Lesotho,43,23,370,76,294,784,12.47,144,25,Current,Low,0.20540540540540542,0.375,0,0
3983d968-f918-4e41-9031-b4a2fb411248,Kenya,29,56,372,162,210,1556,20.23,146,33,Late,Medium,0.43548387096774194,0.13496143958868895,0,0
644225e8-ee6e-4acb-b513-0d8bdfee2064,Mozambique,52,94,631,61,570,2450,34.78,125,4,Current,Low,0.09667194928684628,0.23265306122448978,0,0
22b24808-6fa6-4dbf-911f-381b786a0d7e,Tanzania,57,98,736,134,602,880,11.15,14,0,Current,Low,0.18206521739130435,0.6840909090909091,0,0
2536ce9e-d6b2-4f31-95ce-f3eb2ee4a52e,Mozambique,20,55,416,185,231,2968,10.61,40,22,Current,Low,0.44471153846153844,0.07783018867924528,0,0
032fecc6-8fde-4a0c-9135-485e29a812ed,South Africa,64,87,1002,214,788,551,16.16,189,33,Late,Medium,0.21357285429141717,1.4301270417422867,0,0
5db14458-b69d-4b63-b727-9034bc82d3dc,Lesotho,32,66,1031,244,787,297,13.59,1,33,Late,Medium,0.23666343355965083,2.6498316498316496,0,0
abc16137-9f5d-49a3-9da4-7b4438fe5f75,DRC,50,105,833,110,723,2814,26.1,168,0,Current,Low,0.13205282112845138,0.25692963752665243,0,0
0280f8b5-f02f-4856-92a9-c7b349b27aae,Mozambique,38,25,355,94,261,2158,35.75,65,53,Late,Medium,0.2647887323943662,0.12094531974050046,0,0
a2329c7e-c624-4aa0-b633-842e4afcdb02,Egypt,65,76,52,24,28,1716,45.14,76,30,Current,Low,0.46153846153846156,0.016317016317016316,0,0
2f25f68a-78f8-4a92-9b10-e11b1067d2b8,DRC,35,65,595,52,543,718,35.63,25,2,Current,Low,0.08739495798319327,0.7562674094707521,0,0
20584591-c7ed-4e37-aa93-5dad577d9169,Ethiopia,35,45,376,139,237,780,28.58,32,8,Current,Low,0.3696808510638298,0.3038461538461538,0,0
c2a82842-b105-4f37-aef3-b1b1a045bc2a,Kenya,45,107,1103,311,792,1994,4.6,67,11,Current,Low,0.28195829555757024,0.3971915747241725,0,0
a40212d8-b705-4d29-9f50-a9dd54a0d0dd,Ethiopia,42,17,324,78,246,1024,19.86,56,0,Current,Low,0.24074074074074073,0.240234375,0,0
8683f0d3-844d-48ff-aff1-e854087a986a,DRC,23,120,323,19,304,826,8.77,117,5,Current,Low,0.058823529411764705,0.36803874092009686,0,0
e699d24c-7700-44cb-b820-05321f2b8d9d,Lesotho,44,96,656,217,439,1536,27.89,12,0,Current,Low,0.3307926829268293,0.2858072916666667,0,0
d062f2c7-ccb3-4309-9076-6fb5c0268519,DRC,39,67,968,195,773,1473,17.27,94,13,Current,Low,0.20144628099173553,0.5247793618465716,0,0
49241877-eb64-4841-8549-3e9d5dea720a,Egypt,45,106,1066,155,911,2811,48.96,118,51,Late,Medium,0.14540337711069418,0.3240839558875845,0,0
092f3bc5-1dcb-4bb9-87ed-a435de6fed01,Ethiopia,43,24,864,85,779,554,44.66,77,0,Current,Low,0.09837962962962964,1.4061371841155235,0,0
3ca18166-6922-42e4-a677-50c0502e986c,Kenya,35,31,1065,460,605,2419,18.07,83,12,Current,Low,0.431924882629108,0.25010334849111204,0,0
12af4024-dec6-44f2-98b8-3d5d310ac3cb,Lesotho,25,88,528,163,365,1198,18.62,181,0,Current,Low,0.3087121212121212,0.3046744574290484,0,0
de04d382-d3a1-4aa2-8a8e-cbaa8075f7d0,Tanzania,53,53,781,235,546,2722,49.77,166,28,Current,Low,0.30089628681177977,0.2005878030859662,0,0
794d0755-cac1-4af6-b0b7-b6f20452dd9c,DRC,52,118,998,35,963,2703,25.94,75,43,Late,Medium,0.03507014028056112,0.3562708102108768,0,0
feaeca0f-2dde-4892-841c-a7b800e078b5,Ethiopia,50,97,330,16,314,454,33.55,0,6,Current,Low,0.048484848484848485,0.6916299559471366,0,0
bed44efa-49cb-455a-8482-de86ba5e7d95,South Africa,48,37,300,97,203,237,39.44,71,0,Current,Low,0.3233333333333333,0.8565400843881856,0,0
51dbb820-10f1-4754-87e7-956fda9549d5,Mozambique,42,65,889,419,470,1592,4.12,0,2,Current,Low,0.47131608548931386,0.2952261306532663,0,0
b47601fe-b3d5-46d7-94d4-cf2cec64e760,DRC,40,119,232,7,225,1669,17.71,117,12,Current,Low,0.03017241379310345,0.1348112642300779,0,0
b47f7faa-728f-489b-a97b-0a8b05de6a9a,Kenya,43,32,1142,319,823,1071,1.06,95,45,Late,Medium,0.27933450087565675,0.7684407096171803,0,0
b55ddf97-5a68-4512-934a-50fcb8df9665,South Africa,32,61,735,22,713,2481,37.49,160,15,Current,Low,0.029931972789115645,0.28738411930673113,0,0
37a0a885-adb6-4edc-8686-65a8a6f53af8,Lesotho,50,2,746,76,670,570,11.22,112,46,Late,Medium,0.10187667560321716,1.1754385964912282,0,0
09a3f13c-1fb3-48b6-bc20-72ff7b87bae8,Egypt,53,50,584,80,504,2982,25.32,148,7,Current,Low,0.136986301369863,0.16901408450704225,0,0
0b51c53a-d81f-4a79-9e07-51fa524ff8ae,South Africa,59,4,137,25,112,496,31.3,182,24,Current,Low,0.18248175182481752,0.22580645161290322,0,0
fcf55f96-6cbc-4b47-8d95-28f353a7401c,Tanzania,33,7,155,50,105,1060,31.73,117,12,Current,Low,0.3225806451612903,0.09905660377358491,0,0
33d5efbc-3fa0-44cf-be0b-c1c11bb2ebb4,DRC,60,97,1012,95,917,2088,38.73,140,0,Current,Low,0.09387351778656126,0.43917624521072796,0,0
fc862fda-7d5b-4c73-8249-00e40231ca86,DRC,33,23,1143,487,656,397,9.55,70,0,Current,Low,0.42607174103237094,1.6523929471032746,0,0
bda53be3-5212-4e86-acbb-f93c6f93defe,Kenya,48,87,636,213,423,2494,24.02,177,23,Current,Low,0.33490566037735847,0.16960705693664796,0,0
3f45d338-3db6-4348-9063-6ddcfc361e6c,Ethiopia,56,18,722,291,431,2856,21.59,59,0,Current,Low,0.40304709141274236,0.15091036414565825,0,0
be898df0-7a40-4cb2-8f48-57577550f5f4,Lesotho,24,59,745,299,446,2748,46.39,100,15,Current,Low,0.40134228187919463,0.16229985443959244,0,0
ac3f2f12-8ed0-4ca5-97a2-29c4eda1f4ff,Ethiopia,63,58,304,0,304,2567,38.89,147,11,Current,Low,0.0,0.11842617841838722,0,0
e5b4aa2f-f0e9-4e68-8e7e-3f97e112b766,Mozambique,19,59,977,235,742,1395,37.07,9,28,Current,Low,0.240532241555783,0.5318996415770609,0,0
dea38fff-8f68-40a8-8074-cc4708cd96b9,Kenya,37,119,707,272,435,2065,27.25,172,0,Current,Low,0.38472418670438474,0.2106537530266344,0,0
0946fcab-2171-474e-b7db-46a422e95ab8,South Africa,49,15,382,73,309,1031,44.25,61,7,Current,Low,0.19109947643979058,0.2997090203685742,0,0
c437975e-070c-4bf7-98e3-1f245b3206a2,DRC,54,28,329,0,329,1328,49.95,140,0,Current,Low,0.0,0.2477409638554217,0,0
b8749aca-bc66-4570-947d-d2823d239ad3,Tanzania,30,35,812,7,805,1981,0.87,82,9,Current,Low,0.008620689655172414,0.40636042402826855,0,0
6f6f713e-7c61-4cdc-9a30-a9c963c0a84a,DRC,30,71,1178,296,882,643,22.75,190,20,Current,Low,0.25127334465195245,1.3716951788491447,0,0
409b72a7-9e0b-4ab3-850f-8229b130bb83,Lesotho,53,12,695,141,554,1158,5.84,55,0,Current,Low,0.20287769784172663,0.4784110535405872,0,0
bd8a834f-24c0-4e5e-9efa-dd4bc299afef,Kenya,59,16,140,1,139,507,7.39,170,19,Current,Low,0.007142857142857143,0.27416173570019725,0,0
42cc7adc-92aa-4913-b96c-1b249851d801,Lesotho,65,41,149,46,103,294,40.68,176,0,Current,Low,0.3087248322147651,0.35034013605442177,0,0
92192c9a-be37-4915-9923-e0a01d76ca59,Ethiopia,63,2,632,174,458,1650,21.56,172,2,Current,Low,0.27531645569620256,0.2775757575757576,0,0
be9d4b74-f691-4e52-b467-ab57cd5baa3e,Mozambique,52,9,623,251,372,136,0.8,148,0,Current,Low,0.4028892455858748,2.735294117647059,0,0
b13bb207-dd07-4113-b066-2779284f7dd6,Tanzania,47,117,266,37,229,2320,48.96,161,53,Late,Medium,0.13909774436090225,0.09870689655172414,0,0
2b0c55d8-052e-421d-916f-cfeeb72ce089,South Africa,23,26,1085,130,955,1935,16.02,4,42,Late,Medium,0.11981566820276497,0.4935400516795866,0,0
4e58a1aa-9568-4042-a458-56c704efeb22,Egypt,63,52,234,86,148,828,36.16,194,10,Current,Low,0.36752136752136755,0.178743961352657,0,0
34533129-3428-4bcc-aab3-a789df8d9813,South Africa,29,92,318,19,299,126,47.14,91,17,Current,Low,0.059748427672955975,2.373015873015873,0,0
5d7c3ad8-129e-439a-9642-513f79764a97,Kenya,37,57,673,243,430,591,44.48,120,29,Current,Low,0.3610698365527489,0.727580372250423,0,0
87c95842-378c-43f4-ac4e-113471157576,Lesotho,19,46,747,94,653,1472,33.38,55,16,Current,Low,0.12583668005354753,0.4436141304347826,0,0
5bb09bba-0def-4c36-a058-7631f33f93aa,Egypt,46,98,152,1,151,1958,17.31,106,24,Current,Low,0.006578947368421052,0.07711950970377937,0,0
4191ec47-5c68-4b64-809b-11c1d45abb28,Egypt,57,21,534,110,424,2140,18.86,112,0,Current,Low,0.20599250936329588,0.19813084112149532,0,0
1d529c68-3084-4eec-8cc7-1a4e55000eb6,Mozambique,64,110,377,153,224,2794,31.22,170,26,Current,Low,0.40583554376657827,0.08017179670722978,0,0
3a686e6d-4fac-4003-af45-2d20902bf3e4,Mozambique,57,55,412,71,341,1820,25.52,49,23,Current,Low,0.17233009708737865,0.18736263736263736,0,0
95086efe-dd18-49b7-981a-380731e8b82d,Tanzania,51,105,900,154,746,1585,41.69,164,42,Late,Medium,0.1711111111111111,0.47066246056782335,0,0
43a174d2-6dac-4e65-9b37-4e85ab2712ef,Tanzania,26,66,1135,358,777,1424,37.01,125,0,Current,Low,0.31541850220264317,0.5456460674157303,0,0
60af30f8-9a7e-485e-8241-34bcc862892e,Mozambique,27,120,121,8,113,908,8.07,45,35,Late,Medium,0.06611570247933884,0.12444933920704845,0,0
661ca285-723b-4ea2-926d-bc7eb2d2729a,Lesotho,32,87,173,8,165,1951,5.91,60,0,Current,Low,0.046242774566473986,0.08457201435161456,0,0
badf2180-842b-4776-95a4-e04998cd53ec,Mozambique,49,2,837,98,739,1036,42.69,51,32,Late,Medium,0.11708482676224612,0.7133204633204633,0,0
51876951-b165-48bb-b7c3-6ebb4a111323,Kenya,60,62,1075,497,578,1234,42.01,140,42,Late,Medium,0.46232558139534885,0.4683954619124797,0,0
43a32adb-a91e-4bb0-a44a-f1f700c55f86,Egypt,45,68,421,179,242,362,18.54,151,0,Current,Low,0.4251781472684085,0.6685082872928176,0,0
5e75833f-eb41-4cb6-97c6-6d2577ad4b52,Egypt,26,106,374,154,220,2431,6.32,142,29,Current,Low,0.4117647058823529,0.09049773755656108,0,0
4530ab61-e17e-4238-a409-b397407b8eb3,Tanzania,36,64,1116,227,889,423,44.93,20,32,Late,Medium,0.20340501792114696,2.1016548463356974,0,0
e5844c3e-fea7-4601-80f3-a317bbbb9e30,Egypt,24,95,342,46,296,2444,39.76,158,19,Current,Low,0.13450292397660818,0.12111292962356793,0,0
4863a0ee-d6e4-4ad6-a277-422097dd0112,Kenya,18,77,537,111,426,1255,16.43,49,34,Late,Medium,0.20670391061452514,0.3394422310756972,0,0
8c1e0189-4360-453c-af23-1fa7f0625479,Egypt,32,54,1060,518,542,2166,33.77,52,0,Current,Low,0.48867924528301887,0.2502308402585411,0,0
2f0deedb-f8c8-46fb-85c2-91fa97d0c0b4,Mozambique,38,32,988,113,875,2128,14.8,117,22,Current,Low,0.11437246963562753,0.41118421052631576,0,0
0c699fbd-fc53-496a-b733-bacf8c0cf13a,Kenya,55,6,361,152,209,1103,29.7,81,21,Current,Low,0.42105263157894735,0.18948322756119673,0,0
3562b726-005c-45d2-9b82-99a455050be6,Lesotho,19,70,518,35,483,2706,30.2,22,28,Current,Low,0.06756756756756757,0.17849223946784923,0,0
99bd3670-ac06-4aa4-a468-6af5fc17cb6b,Lesotho,52,120,1028,7,1021,2621,45.13,193,0,Current,Low,0.006809338521400778,0.38954597481877146,0,0
e9a4b3a7-27ae-4d77-aca9-eec9fb7ebbf9,Mozambique,33,66,983,442,541,2807,15.03,171,51,Late,Medium,0.4496439471007121,0.1927324545778411,0,0
e8fc548b-388b-44d0-aa5b-9cdbeadcf8d2,Lesotho,32,18,472,4,468,2142,32.87,64,46,Late,Medium,0.00847457627118644,0.2184873949579832,0,0
e35fd0a3-4aa7-4b3c-8d66-feae00455295,Egypt,42,63,222,45,177,1795,31.25,114,15,Current,Low,0.20270270270270271,0.09860724233983287,0,0
bf480cc1-e70b-44b9-a387-e6c43a97774e,South Africa,58,85,372,27,345,2526,31.42,140,86,Default,High,0.07258064516129033,0.13657957244655583,1,1
9c1e1259-81c3-4042-9e4f-6bbcb1a39de8,South Africa,49,13,440,106,334,1071,42.92,98,22,Current,Low,0.2409090909090909,0.3118580765639589,0,0
72f74e11-5363-4834-a891-b0ab69b33c54,South Africa,54,71,1125,163,962,251,18.56,188,7,Current,Low,0.1448888888888889,3.8326693227091635,0,0
36a3cf39-2ecf-443f-9cc8-48b666ea1ac8,Ethiopia,53,37,406,118,288,1304,3.21,188,44,Late,Medium,0.29064039408866993,0.22085889570552147,0,0
b3b3a080-ea81-4258-856a-2d16c0dd8dfa,Lesotho,28,73,574,112,462,976,21.51,127,39,Late,Medium,0.1951219512195122,0.4733606557377049,0,0
7d1fe0d3-d706-45e0-9864-32a98cc8d2b3,Lesotho,50,120,67,26,41,904,26.74,156,12,Current,Low,0.3880597014925373,0.04535398230088496,0,0
7364898d-3792-4aba-b9bf-ec0bab9bc229,Kenya,41,44,217,98,119,1654,42.96,71,14,Current,Low,0.45161290322580644,0.07194679564691657,0,0
9054da2c-0b69-404d-83ce-ac09ceb0ed33,Lesotho,54,77,161,30,131,224,35.51,0,40,Late,Medium,0.18633540372670807,0.5848214285714286,0,0
baf3c5a1-cfa6-4af0-b016-bc21f8c79c30,Ethiopia,32,107,722,319,403,144,37.51,22,19,Current,Low,0.44182825484764543,2.798611111111111,0,0
ccb50de0-877c-46e4-b659-c87c4a3f267f,South Africa,19,67,768,243,525,608,36.13,12,8,Current,Low,0.31640625,0.8634868421052632,0,0
6cecf85a-031e-44ae-9404-b29c7f6d256f,South Africa,42,59,174,51,123,1818,46.69,166,36,Late,Medium,0.29310344827586204,0.06765676567656766,0,0
81a4d6a4-0790-4e9f-b6c2-f3ed67ce37ca,Egypt,35,35,998,420,578,2236,22.69,183,18,Current,Low,0.42084168336673344,0.2584973166368515,0,0
b5ea827f-4983-40da-ba6b-101ac98dd71b,Ethiopia,45,50,418,182,236,918,27.01,132,2,Current,Low,0.4354066985645933,0.2570806100217865,0,0
253d5dd9-0fa8-4b58-bc38-aa17aa21e214,Mozambique,63,7,795,81,714,917,39.87,151,10,Current,Low,0.1018867924528302,0.7786259541984732,0,0
d9480c05-0143-470f-a15f-2d17785f76a6,South Africa,20,63,735,16,719,433,38.76,135,31,Late,Medium,0.021768707482993196,1.6605080831408776,0,0
175ce43b-09fc-4474-9ca6-60c5079edae1,Egypt,41,15,510,210,300,2899,11.7,181,41,Late,Medium,0.4117647058823529,0.10348395998620213,0,0
ac8acf54-93cd-478a-82a0-609580ea7f63,DRC,24,22,297,115,182,969,34.41,62,30,Current,Low,0.3872053872053872,0.18782249742002063,0,0
7f3cefea-4f6a-43a0-a1d6-32a0f0e88d07,Egypt,36,4,554,200,354,2405,42.3,51,24,Current,Low,0.36101083032490977,0.1471933471933472,0,0
2b8dd499-7f68-4081-ab07-f16ce8175b7b,Tanzania,23,72,352,165,187,2602,13.63,151,29,Current,Low,0.46875,0.07186779400461184,0,0
eeb9d09a-afdd-4950-af9d-38956473dd13,Egypt,31,111,1105,447,658,578,45.21,39,9,Current,Low,0.40452488687782806,1.1384083044982698,0,0
9451255e-87db-4f16-a0b3-0c50b2102667,Mozambique,32,73,1122,213,909,226,8.86,153,27,Current,Low,0.18983957219251338,4.022123893805309,0,0
21cd3160-2bd4-4388-a283-1272ff8b6ed8,South Africa,20,35,539,203,336,1548,28.52,116,0,Current,Low,0.37662337662337664,0.21705426356589147,0,0
44feed2f-362a-4483-9dc9-139ca36fd901,Mozambique,57,82,1065,308,757,1329,11.96,62,8,Current,Low,0.2892018779342723,0.5696012039127163,0,0
bd44f7e7-b4a8-4b55-a116-da445fe3d5f1,Tanzania,22,92,823,312,511,2050,21.9,63,3,Current,Low,0.37910085054678005,0.24926829268292683,0,0
5ae42409-db99-4268-b3db-7f7ae7c02755,DRC,20,21,836,30,806,2208,18.73,158,19,Current,Low,0.03588516746411483,0.365036231884058,0,0
57283811-01db-4bc6-88a1-e38fa2f7898f,Mozambique,19,87,63,7,56,1875,9.81,43,0,Current,Low,0.1111111111111111,0.029866666666666666,0,0
774530a5-9b29-4463-afe1-b94160ecc472,Ethiopia,33,115,831,325,506,2077,28.95,36,16,Current,Low,0.3910950661853189,0.24362060664419835,0,0
5a3c4eae-9cfb-4512-87df-c54d58344ab4,South Africa,29,11,366,62,304,2399,6.0,17,1,Current,Low,0.16939890710382513,0.1267194664443518,0,0
f3d9b666-dd56-49a8-86a5-5f1c88dd03d3,Tanzania,61,17,639,241,398,2753,23.44,2,1,Current,Low,0.37715179968701096,0.14456956047947694,0,0
bb9fe1c0-4444-4d7d-8161-f55dbe79ca12,Tanzania,33,116,791,174,617,434,5.48,151,16,Current,Low,0.21997471554993678,1.4216589861751152,0,0
69c25d67-8b38-425f-b8d5-26ae220120c4,Lesotho,24,20,1054,96,958,1918,26.96,39,0,Current,Low,0.09108159392789374,0.4994786235662148,0,0
e626a675-0d20-48bf-8599-92a781b81a1d,Lesotho,42,59,642,177,465,128,35.83,151,29,Current,Low,0.2757009345794392,3.6328125,0,0
61f54352-a725-46c5-9761-15ef3d3f7a9d,South Africa,58,62,140,53,87,988,9.05,123,46,Late,Medium,0.37857142857142856,0.08805668016194332,0,0
ae740669-de81-435b-b643-352778a4f030,Kenya,50,91,492,87,405,1951,47.35,172,0,Current,Low,0.17682926829268292,0.20758585340850846,0,0
0e834ae1-e222-4b07-9a8e-cddf3b466b55,South Africa,52,16,1177,379,798,869,22.62,109,0,Current,Low,0.3220050977060323,0.9182968929804373,0,0
73671ef3-ba0a-405a-ab0a-9dbb897c5791,DRC,23,94,693,53,640,2881,3.55,45,9,Current,Low,0.07647907647907648,0.2221450885109337,0,0
45b1887a-3d31-4976-ab07-ca6a97e390c9,Egypt,48,110,1114,399,715,1751,10.68,159,29,Current,Low,0.35816876122082586,0.40833809251856085,0,0
7af28402-a38e-4571-b866-21acc1e0b41a,Kenya,27,38,663,325,338,1327,1.16,132,48,Late,Medium,0.49019607843137253,0.25470987189148453,0,0
11405fb5-5ab3-4586-b8e2-c67608691a20,Ethiopia,23,21,427,182,245,1728,26.85,83,15,Current,Low,0.4262295081967213,0.1417824074074074,0,0
24cac58f-d883-4447-abb5-e478b4010563,Mozambique,35,57,222,32,190,1117,20.95,24,46,Late,Medium,0.14414414414414414,0.1700984780662489,0,0
04c6b4ca-fcdb-4ce6-b0e1-a25d79c9a8af,Egypt,33,83,282,43,239,684,12.61,47,64,Default,High,0.1524822695035461,0.34941520467836257,1,1
dc37e95a-0aac-404c-9628-ef3583bbadec,Mozambique,43,21,107,51,56,669,3.99,87,12,Current,Low,0.4766355140186916,0.08370702541106129,0,0
c6bdf135-a646-4092-870a-714048835a70,South Africa,26,97,327,119,208,1979,32.21,2,41,Late,Medium,0.363914373088685,0.10510358767054068,0,0
d7786b10-3569-49a8-af37-81f80c4f86f1,Kenya,46,60,612,11,601,2935,28.31,187,27,Current,Low,0.017973856209150325,0.20477001703577513,0,0
71ce6020-5bb5-4c52-99f7-e082b7bf5f8f,Egypt,55,33,369,123,246,1383,47.72,110,20,Current,Low,0.3333333333333333,0.17787418655097614,0,0
406d66cf-f643-46ea-9a69-8b6026f6bad6,South Africa,21,106,1168,52,1116,2032,2.07,103,23,Current,Low,0.04452054794520548,0.5492125984251969,0,0
77f55e22-7c06-4a94-935a-b7c633586428,Mozambique,42,119,729,300,429,1729,37.62,90,0,Current,Low,0.411522633744856,0.24812030075187969,0,0
90934cd6-a3c1-4220-b327-ca4d19073523,DRC,35,12,1163,541,622,190,28.83,76,0,Current,Low,0.4651762682717111,3.2736842105263158,0,0
afd713dd-d2ea-45fc-9e2b-bcd008a763fd,Tanzania,45,54,683,249,434,2675,47.89,154,38,Late,Medium,0.3645680819912152,0.1622429906542056,0,0
0aff57e8-af61-4352-b64c-11abc290baac,Ethiopia,58,86,802,139,663,293,26.09,120,23,Current,Low,0.17331670822942644,2.262798634812287,0,0
6fce8ae3-fa27-4e39-b85d-fac471b84223,DRC,36,118,632,93,539,1149,45.76,16,45,Late,Medium,0.14715189873417722,0.4691035683202785,0,0
651177c3-d896-4ea4-8026-8cfc27d5ad17,South Africa,63,116,1161,132,1029,2284,24.84,152,0,Current,Low,0.11369509043927649,0.45052539404553416,0,0
b5057c03-1516-4c32-97e6-eaaabcde8169,Ethiopia,62,42,584,277,307,1240,17.5,174,26,Current,Low,0.4743150684931507,0.24758064516129033,0,0
5fa92e97-831d-40ea-a62c-0cbc75c6df62,Mozambique,59,20,759,17,742,1473,12.94,168,0,Current,Low,0.022397891963109356,0.5037338764426341,0,0
f6e2de18-4b69-4ea7-9c02-f3aa37c9f44a,Lesotho,49,46,182,10,172,1970,17.01,187,34,Late,Medium,0.054945054945054944,0.08730964467005076,0,0
f3539faf-7b8e-4c6c-83c5-6b16a42f4e58,Kenya,48,97,62,16,46,146,31.65,15,2,Current,Low,0.25806451612903225,0.3150684931506849,0,0
442c20f7-cd33-43cc-96cd-17ee33b06b3c,Ethiopia,29,72,163,7,156,2034,6.49,174,0,Current,Low,0.04294478527607362,0.07669616519174041,0,0
60b7e824-7e9d-46fc-a1f7-c6fd5a7faf55,Egypt,62,120,332,95,237,497,37.67,167,15,Current,Low,0.286144578313253,0.4768611670020121,0,0
eb0eab85-c080-42be-86a2-39ed2d36537b,DRC,35,37,684,204,480,636,12.98,24,22,Current,Low,0.2982456140350877,0.7547169811320755,0,0
f9bba713-6347-48d8-8dca-5c266343175e,Lesotho,28,59,237,117,120,475,7.78,149,37,Late,Medium,0.4936708860759494,0.25263157894736843,0,0
0af3cc0d-b9d7-4593-bef3-f6cdb44ce7de,Tanzania,21,86,855,95,760,2680,20.2,64,6,Current,Low,0.1111111111111111,0.2835820895522388,0,0
c6138981-73f2-4afa-a8bf-ccca7c0da213,Tanzania,39,55,811,141,670,1376,36.14,18,24,Current,Low,0.17385943279901356,0.48691860465116277,0,0
951f9094-6d46-475c-b650-23e447295416,Egypt,53,101,705,286,419,1665,41.72,133,44,Late,Medium,0.4056737588652482,0.25165165165165165,0,0
4a9722be-f19f-4eef-a3c4-3e0c74d8f83e,DRC,26,41,940,4,936,1656,40.82,156,0,Current,Low,0.00425531914893617,0.5652173913043478,0,0
335c5cbd-866f-480d-bdd3-14614c144c63,Tanzania,27,40,1144,4,1140,1448,10.05,39,40,Late,Medium,0.0034965034965034965,0.787292817679558,0,0
cd49e38f-0dea-4bcf-a39e-3d5d3dd0b94a,Egypt,40,36,960,451,509,1470,24.64,43,0,Current,Low,0.46979166666666666,0.34625850340136055,0,0
b3f8b4dd-ee6d-46f1-bc23-8f13c6e23cbf,Mozambique,25,39,855,1,854,2519,18.67,89,0,Current,Low,0.0011695906432748538,0.3390234219928543,0,0
354e2675-ef3c-438b-8666-aae21a90c5f3,Mozambique,21,77,963,392,571,1105,14.63,39,26,Current,Low,0.407061266874351,0.5167420814479639,0,0
9a916486-cb99-4906-bfa9-1c869ed307f9,South Africa,57,2,866,123,743,410,6.42,28,31,Late,Medium,0.1420323325635104,1.8121951219512196,0,0
93e6d3eb-5d6a-44ff-a833-3ff6aea2b797,DRC,44,111,1043,337,706,590,11.41,178,23,Current,Low,0.3231064237775647,1.1966101694915254,0,0
780df117-7375-4eb2-893b-c847a83d92f8,Ethiopia,38,74,935,161,774,2359,10.88,34,21,Current,Low,0.17219251336898395,0.3281051292920729,0,0
83b084f5-1379-49dd-9179-ebe6724e94a5,Mozambique,51,20,396,148,248,2582,26.51,69,0,Current,Low,0.37373737373737376,0.09604957397366383,0,0
4ff17fe0-7b6b-422a-a74b-b42266fa812c,Ethiopia,36,48,1037,86,951,399,26.97,11,0,Current,Low,0.08293153326904533,2.3834586466165413,0,0
12ef1340-57bb-40c1-9e42-f6768f072294,Egypt,60,88,958,350,608,2516,10.63,6,37,Late,Medium,0.3653444676409186,0.24165341812400637,0,0
fba7f869-9099-4ba3-a5ba-8406686d06dd,Mozambique,64,95,946,213,733,2204,42.72,8,7,Current,Low,0.2251585623678647,0.33257713248638837,0,0
54e93e44-2df5-415c-be12-09c659b16183,Mozambique,49,4,129,7,122,2636,17.77,125,6,Current,Low,0.05426356589147287,0.04628224582701062,0,0
aa2286c9-ff3e-4d41-92f0-7579b4f6d75c,Egypt,41,13,1001,29,972,917,17.43,154,0,Current,Low,0.028971028971028972,1.059978189749182,0,0
36823b9f-09f6-4ff3-aab7-122eb5a63992,Lesotho,52,49,565,277,288,2814,40.43,92,14,Current,Low,0.4902654867256637,0.1023454157782516,0,0
54e27fa4-0ab4-403a-b98e-eb94a35d3e9b,DRC,52,93,855,57,798,834,37.01,194,12,Current,Low,0.06666666666666667,0.9568345323741008,0,0
e3c07f02-8afe-499a-8e26-7b619aa983e3,DRC,45,29,409,197,212,2233,8.64,93,0,Current,Low,0.48166259168704156,0.09493954321540528,0,0
7afd5291-d42b-41a7-8296-1871728998c4,DRC,34,64,1094,211,883,2588,5.71,175,0,Current,Low,0.19287020109689215,0.3411901081916538,0,0
9ddf5e8f-67a3-4c71-86e8-4873c9b836ae,Kenya,59,83,349,105,244,2740,44.88,157,46,Late,Medium,0.3008595988538682,0.08905109489051095,0,0
fc2aa03d-491c-48da-a3fa-33739e7d44f1,DRC,37,23,92,9,83,2994,46.23,192,1,Current,Low,0.09782608695652174,0.027722110888443553,0,0
1604f454-af88-420c-a9e1-7ffafd6adb14,Egypt,40,119,539,151,388,2964,31.33,194,8,Current,Low,0.28014842300556586,0.13090418353576247,0,0
69e63f7c-76af-41a9-994a-be44d00ec7ef,Kenya,27,70,233,50,183,2868,24.19,96,10,Current,Low,0.2145922746781116,0.06380753138075314,0,0
ec10f716-efbe-4835-9343-380a62420ea0,Ethiopia,25,70,748,74,674,2916,27.05,175,0,Current,Low,0.09893048128342247,0.23113854595336078,0,0
853d3f52-c2cd-4c24-886c-73a329a2533c,Mozambique,49,86,525,231,294,1783,18.57,180,4,Current,Low,0.44,0.16489063376332025,0,0
695bcffe-4832-4b7a-a46d-0adcf80028b4,Lesotho,54,43,741,15,726,739,42.16,32,0,Current,Low,0.020242914979757085,0.9824086603518268,0,0
bf61bcd7-8579-49a1-a742-118851c7893d,Tanzania,36,55,475,127,348,1558,39.53,62,34,Late,Medium,0.2673684210526316,0.2233632862644416,0,0
3ee1de1b-9e93-48ff-90c2-5f0728342335,South Africa,42,24,84,33,51,146,46.79,146,0,Current,Low,0.39285714285714285,0.3493150684931507,0,0
62dc2d09-4ccb-472a-adac-52adb54eafe9,Ethiopia,30,16,619,87,532,263,48.1,70,3,Current,Low,0.14054927302100162,2.0228136882129277,0,0
0f1e86e2-cdb1-4b1d-ad90-38541c7e6db7,Egypt,37,83,517,149,368,605,5.52,98,0,Current,Low,0.28820116054158607,0.6082644628099173,0,0
da549d2c-e461-4647-a1f8-e2e36dcb205f,Egypt,38,77,883,331,552,770,20.18,47,0,Current,Low,0.37485843714609285,0.7168831168831169,0,0
371e3254-08c2-48c0-b776-c7fc6e0143b6,Kenya,22,34,969,463,506,1920,7.29,95,17,Current,Low,0.47781217750258,0.2635416666666667,0,0
ce07373f-65b0-4e04-8418-d9d834a9e4b8,DRC,39,59,625,200,425,2945,12.42,186,16,Current,Low,0.32,0.14431239388794567,0,0
10e553a9-2824-4cab-8ea4-c626bf455cf8,Kenya,45,100,930,285,645,2510,7.73,103,3,Current,Low,0.3064516129032258,0.25697211155378485,0,0
fd497b42-cc6e-4c48-ae99-54978596fb57,Tanzania,52,48,178,87,91,881,21.53,159,5,Current,Low,0.4887640449438202,0.10329171396140749,0,0
430ff22e-0f60-45a4-a240-3a213be3d9e4,Tanzania,49,116,853,294,559,1888,4.74,179,19,Current,Low,0.34466588511137164,0.2960805084745763,0,0
e6bfeaf2-10c2-4def-9ba9-5ee1e4c5e74a,DRC,49,29,584,90,494,1441,45.31,56,1,Current,Low,0.1541095890410959,0.3428174878556558,0,0
d6048d65-4a58-4f0f-9845-02b11a0143e4,South Africa,60,17,1041,275,766,795,44.88,94,1,Current,Low,0.2641690682036503,0.9635220125786164,0,0
35d7c35d-3d39-471b-b4b8-a4277b7cda75,Ethiopia,45,50,856,186,670,2416,9.49,180,6,Current,Low,0.21728971962616822,0.277317880794702,0,0
873da455-4eed-4e8f-a857-be777e75df31,Lesotho,65,113,1096,416,680,2423,1.41,146,6,Current,Low,0.3795620437956204,0.280643829962856,0,0
70d3f3ff-b96f-4b24-b38c-8b6490477620,Kenya,48,10,118,41,77,106,17.54,79,7,Current,Low,0.3474576271186441,0.7264150943396226,0,0
2e535440-6b24-47a7-adbe-4b6b06810eb5,Tanzania,23,7,632,307,325,1943,1.42,75,13,Current,Low,0.48575949367088606,0.16726711271230058,0,0
862688f4-2586-40c0-8a3a-ae42dda8b18d,DRC,34,18,537,113,424,570,6.36,86,21,Current,Low,0.21042830540037244,0.743859649122807,0,0
aafb5854-a079-4956-94c6-05b3aec86636,DRC,53,40,1061,218,843,2526,43.23,176,12,Current,Low,0.2054665409990575,0.333729216152019,0,0
7e5c66d7-0c89-48ca-9e2e-7999b518ce73,Egypt,48,101,261,75,186,1646,7.35,198,15,Current,Low,0.28735632183908044,0.11300121506682867,0,0
ffca9507-1faa-4a50-a18f-5eb7d1a57ec8,South Africa,34,29,557,225,332,1387,4.2,29,23,Current,Low,0.40394973070017953,0.23936553713049746,0,0
dab82fca-9ff8-430e-87e9-3f8dc176c61c,Tanzania,24,34,156,2,154,1653,37.08,178,10,Current,Low,0.01282051282051282,0.09316394434361766,0,0
343638fb-2b90-467a-b770-bc9f2b5325cc,Ethiopia,42,115,134,59,75,2160,38.86,148,17,Current,Low,0.44029850746268656,0.034722222222222224,0,0
5c3cde7b-e66b-4103-bd96-3b1bc8c3f8e6,Ethiopia,18,59,200,90,110,1235,39.19,108,40,Late,Medium,0.45,0.08906882591093117,0,0
641ad858-124d-438e-8d55-67fa7df49325,Tanzania,38,4,1028,107,921,2140,2.86,19,20,Current,Low,0.10408560311284047,0.43037383177570093,0,0
10acde42-c56e-4dac-adf2-493b2164a637,Mozambique,58,84,352,98,254,158,7.04,156,5,Current,Low,0.2784090909090909,1.6075949367088607,0,0
85421183-4294-476d-9f53-7006b7c82704,Lesotho,35,71,677,98,579,2153,40.2,96,20,Current,Low,0.1447562776957164,0.2689270784951231,0,0
c6261efd-ff9f-4a47-a162-15db40fd20f4,Kenya,50,13,647,87,560,1802,49.27,102,0,Current,Low,0.13446676970633695,0.31076581576026635,0,0
8abff779-c313-4385-9859-fa09b16fce41,Kenya,50,54,302,115,187,1546,10.05,109,1,Current,Low,0.38079470198675497,0.12095730918499353,0,0
307a2c16-a001-485c-a3d0-201d1b77778d,Lesotho,26,8,58,11,47,436,19.42,95,31,Late,Medium,0.1896551724137931,0.10779816513761468,0,0
53bed537-a055-4f4f-b4b8-e6b8dfb7a431,Mozambique,43,23,193,91,102,1550,22.63,119,0,Current,Low,0.47150259067357514,0.06580645161290323,0,0
a7717db7-6be9-444b-9824-e306d684326d,Ethiopia,43,75,425,167,258,1764,1.08,149,53,Late,Medium,0.39294117647058824,0.14625850340136054,0,0
1f856ce4-4e67-44ea-8a40-c3ce46a6f657,Lesotho,45,31,1110,257,853,639,1.82,44,22,Current,Low,0.23153153153153153,1.3348982785602503,0,0
f6a01613-ed7f-41a6-80a9-329fcb7867e4,Kenya,20,53,997,42,955,795,26.03,101,0,Current,Low,0.04212637913741224,1.20125786163522,0,0
5a01ba99-9050-484c-9c4e-9e67d5f80889,Mozambique,18,78,639,73,566,1943,46.13,97,47,Late,Medium,0.11424100156494522,0.29130211013896035,0,0
cf9c8104-67bc-4832-ad51-f93963f98c71,Lesotho,41,55,450,119,331,1882,25.81,127,0,Current,Low,0.2644444444444444,0.1758767268862912,0,0
a100e414-2186-4f14-bfdb-85e2c0c9d813,Mozambique,46,109,138,57,81,2099,16.33,70,26,Current,Low,0.41304347826086957,0.03858980466888995,0,0
34d30afb-eff4-4965-b048-7383c885c625,Mozambique,31,23,111,35,76,2389,28.39,70,11,Current,Low,0.3153153153153153,0.03181247383842612,0,0
32a50422-2905-4c24-a691-0841a02f2d5a,Kenya,47,112,119,21,98,1957,10.77,77,21,Current,Low,0.17647058823529413,0.050076647930505876,0,0
b334abd1-cdd4-42ce-b2f8-ee29327e368b,Lesotho,35,44,597,148,449,2448,10.19,76,8,Current,Low,0.24790619765494137,0.18341503267973855,0,0
e9355113-6822-4a78-9e3a-62488982bdd9,Egypt,57,65,327,10,317,1926,20.82,143,17,Current,Low,0.03058103975535168,0.16458982346832815,0,0
57bc8978-a570-4608-ac33-7224c9515d76,Tanzania,41,77,154,40,114,1208,17.42,31,53,Late,Medium,0.2597402597402597,0.09437086092715231,0,0
d6df9f1a-8b67-4f92-b664-02ac6051e64c,DRC,65,103,870,297,573,2341,2.5,103,0,Current,Low,0.3413793103448276,0.24476719350704826,0,0
0a3e04ac-2cc6-4add-af61-715d02a8569e,Ethiopia,41,16,396,61,335,1798,31.07,18,0,Current,Low,0.15404040404040403,0.18631813125695218,0,0
1d75a8eb-bb7a-4f5d-85dc-9565a7fd4a49,South Africa,24,113,800,178,622,599,18.68,29,0,Current,Low,0.2225,1.0383973288814692,0,0
adda7fe5-14b4-4bc2-b06c-2cf12a79d546,Lesotho,29,35,846,182,664,2260,2.64,43,39,Late,Medium,0.21513002364066194,0.2938053097345133,0,0
096c5c3f-9602-4fa3-aad5-539451008e1f,Ethiopia,61,92,275,68,207,287,11.1,150,0,Current,Low,0.24727272727272728,0.7212543554006968,0,0
32a26a9f-8f28-4324-bf8d-f1d21c13ceb4,Egypt,55,115,621,229,392,214,18.38,0,30,Current,Low,0.3687600644122383,1.8317757009345794,0,0
87e2c38f-6cec-4139-82df-b206d0adedea,Tanzania,47,117,786,7,779,1988,38.36,81,0,Current,Low,0.008905852417302799,0.391851106639839,0,0
3c08e48f-1216-4b85-bd9f-b0ff2e3f0916,Ethiopia,44,47,117,26,91,969,38.04,15,27,Current,Low,0.2222222222222222,0.09391124871001032,0,0
ea7f7e85-9256-4065-8506-d39d87012654,Lesotho,45,95,115,22,93,2390,15.67,14,42,Late,Medium,0.19130434782608696,0.03891213389121339,0,0
85a3521d-e153-4f31-bb3c-4851607600b9,Lesotho,58,59,609,87,522,153,43.56,31,11,Current,Low,0.14285714285714285,3.411764705882353,0,0
e0d0faed-a60c-4354-8e81-ce1d6f446e03,South Africa,28,64,854,95,759,2714,32.34,198,0,Current,Low,0.11124121779859485,0.2796610169491525,0,0
1082cdaa-77ff-4462-9334-1535a6dca907,Egypt,58,45,918,301,617,989,25.09,97,0,Current,Low,0.32788671023965144,0.6238624873609707,0,0
7523c26b-bcc9-4525-b93f-0473aca0b9ae,DRC,39,100,51,11,40,1880,8.8,52,35,Late,Medium,0.21568627450980393,0.02127659574468085,0,0
1fb7bca2-04da-4af5-ac64-42328b6ae765,Ethiopia,29,66,706,105,601,729,47.52,176,0,Current,Low,0.14872521246458922,0.8244170096021948,0,0
83ea9152-eb32-4508-bbb7-374189da06fc,DRC,29,69,232,41,191,648,38.64,48,39,Late,Medium,0.17672413793103448,0.29475308641975306,0,0
f3716786-4331-47b5-9144-82ddadb6c489,Mozambique,58,74,683,125,558,2745,26.72,89,24,Current,Low,0.18301610541727673,0.20327868852459016,0,0
58a307b6-51c2-4329-9f8a-06a714d6102e,DRC,51,74,910,430,480,1714,13.0,91,31,Late,Medium,0.4725274725274725,0.28004667444574094,0,0
c116ec84-82f9-4b3b-8462-8a978d43c932,DRC,61,115,1090,400,690,2950,14.12,121,13,Current,Low,0.3669724770642202,0.23389830508474577,0,0
5d52a4c5-4438-404b-a65d-b6b16520d890,Lesotho,40,52,231,102,129,452,23.67,156,36,Late,Medium,0.44155844155844154,0.2853982300884956,0,0
b88ce2e7-ed7f-4bf4-9828-5d896b47775f,Egypt,22,108,1014,124,890,211,47.48,128,5,Current,Low,0.1222879684418146,4.218009478672986,0,0
82b4e88e-f1e6-414c-8e37-98f6c2c9aaea,Mozambique,21,116,1079,425,654,2758,21.83,126,26,Current,Low,0.3938832252085264,0.23712835387962292,0,0
b4df977f-3261-4498-85a9-406cd680b989,Egypt,56,77,843,43,800,1815,38.31,1,34,Late,Medium,0.051008303677342826,0.44077134986225897,0,0
55b785f3-8651-4595-ac38-da8d9ced240e,Mozambique,31,110,1177,309,868,1513,27.85,24,13,Current,Low,0.2625318606627018,0.573694646397885,0,0
735f18bf-64f1-462a-91be-8b5f1b7e7e2e,Tanzania,46,97,978,135,843,682,34.35,83,1,Current,Low,0.13803680981595093,1.2360703812316716,0,0
43ac9f85-30c8-4d45-af8b-0eb6369dd0a7,Mozambique,40,1,1081,48,1033,2149,6.99,37,3,Current,Low,0.04440333024976873,0.4806886924150768,0,0
77c64bc8-d7c9-480c-84fb-debb84d4d1e2,DRC,18,17,794,67,727,2208,46.32,50,44,Late,Medium,0.08438287153652393,0.3292572463768116,0,0
d82f4213-51af-4e0c-ab91-3ff82bc541c1,Kenya,21,56,368,53,315,2255,1.02,61,24,Current,Low,0.14402173913043478,0.13968957871396895,0,0
23aaa1c9-75f4-40d0-8113-efa0f125cebb,Kenya,19,50,566,37,529,1083,25.89,178,6,Current,Low,0.06537102473498234,0.4884579870729455,0,0
43284f7a-9d1d-4640-81b3-b9e90ccbc0a5,Kenya,46,70,595,38,557,871,19.89,61,15,Current,Low,0.06386554621848739,0.6394948335246843,0,0
6361c299-6ae7-4f75-8b48-05d99ccbba9e,Ethiopia,28,35,115,40,75,2967,28.62,175,20,Current,Low,0.34782608695652173,0.025278058645096056,0,0
07e4814a-2d1e-4184-bf2c-893bfc5c3b1b,Mozambique,25,20,964,156,808,2923,15.18,173,28,Current,Low,0.16182572614107885,0.27642832706123843,0,0
5d437c7e-83b6-4546-944a-e8001f8078c2,Mozambique,20,38,849,240,609,2131,31.38,171,16,Current,Low,0.2826855123674912,0.2857813233223839,0,0
c7494cb8-1226-473e-ad3a-b7f6c13cbadb,Ethiopia,53,1,1081,233,848,2810,28.2,115,32,Late,Medium,0.21554116558741906,0.30177935943060497,0,0
e88866d1-d4fb-4d37-965d-daf01da0efd8,South Africa,63,10,488,123,365,1914,27.01,161,33,Late,Medium,0.2520491803278688,0.19070010449320793,0,0
347eb6fe-07cf-4ea6-b7ef-97d1e288c904,Kenya,37,99,263,35,228,1360,21.26,7,21,Current,Low,0.13307984790874525,0.1676470588235294,0,0
8b4aa7a2-b68b-42d0-8bdf-2f81f82d19cd,DRC,35,91,305,140,165,497,27.03,133,14,Current,Low,0.45901639344262296,0.3319919517102616,0,0
a64d6398-1556-475e-b602-862da98dae61,Tanzania,43,49,815,224,591,267,11.11,90,0,Current,Low,0.2748466257668712,2.2134831460674156,0,0
da2d1248-2360-44de-9230-9f2f277fae12,Egypt,20,55,806,155,651,1581,34.16,52,39,Late,Medium,0.19230769230769232,0.4117647058823529,0,0
ab060825-5ef7-44ef-95e5-d69d3acf8dea,DRC,50,51,684,265,419,2539,27.07,8,35,Late,Medium,0.38742690058479534,0.16502560063016936,0,0
367362bc-3fcb-4d27-8fdf-e47e63451677,Ethiopia,36,27,1102,405,697,2058,12.59,190,0,Current,Low,0.367513611615245,0.33867832847424684,0,0
1151b6ba-ffc0-4f1b-9bec-bad5824da951,Ethiopia,64,95,1009,110,899,284,38.39,156,31,Late,Medium,0.10901883052527254,3.165492957746479,0,0
0d56cad4-8026-4d78-adf8-3ad98aeb5281,Kenya,41,106,397,147,250,2302,28.95,25,0,Current,Low,0.3702770780856423,0.10860121633362294,0,0
610374ff-f981-48e2-bf09-71a733079efd,Ethiopia,44,57,1164,53,1111,1327,35.79,11,10,Current,Low,0.04553264604810996,0.8372268274302939,0,0
da367203-0e0f-49ee-a4d1-77899493092c,Lesotho,63,23,442,159,283,347,23.45,63,27,Current,Low,0.3597285067873303,0.8155619596541787,0,0
9f61593b-ee5a-4f85-bcdf-2e9fd1942ca6,Kenya,29,89,358,164,194,2636,13.61,44,22,Current,Low,0.4581005586592179,0.07359635811836115,0,0
655cdd5c-e191-4f48-9720-9cb6b63f87c6,Egypt,55,42,1041,106,935,1438,42.62,60,5,Current,Low,0.10182516810758886,0.6502086230876217,0,0
3e5b2090-558d-4cdb-8df9-481548a60a1f,Tanzania,57,92,100,32,68,1554,47.99,55,10,Current,Low,0.32,0.043758043758043756,0,0
8169917d-f672-4375-a4b7-dc6753946a85,Mozambique,28,105,882,155,727,1164,8.45,1,34,Late,Medium,0.17573696145124718,0.6245704467353952,0,0
b6839c3a-628f-4e18-b11d-1209e2168bd9,Egypt,20,68,691,90,601,2864,6.8,182,18,Current,Low,0.13024602026049203,0.2098463687150838,0,0
49a047a3-32c0-4aa1-afff-fb6315d32ff7,DRC,29,79,242,102,140,1984,24.46,42,39,Late,Medium,0.4214876033057851,0.07056451612903226,0,0
3202e2b3-f9ee-480a-9632-87e7d4e57b5d,Lesotho,36,19,872,184,688,2042,24.9,2,0,Current,Low,0.21100917431192662,0.33692458374143,0,0
1a85bbf5-0746-48dd-a18c-d998f59777b7,Tanzania,47,21,499,60,439,2565,32.68,56,0,Current,Low,0.12024048096192384,0.17115009746588694,0,0
a3e4a685-d5b6-45c6-be30-e1857c49e190,Kenya,33,115,241,70,171,1226,21.34,25,29,Current,Low,0.29045643153526973,0.13947797716150082,0,0
23cdc5b2-f900-4d71-afa1-8c9984f2008c,Mozambique,22,4,991,272,719,656,8.31,23,26,Current,Low,0.27447023208879917,1.0960365853658536,0,0
6cdd6d7c-4c20-4044-aeb7-1f496fdb07bc,Egypt,31,106,698,214,484,578,35.52,185,45,Late,Medium,0.30659025787965616,0.8373702422145328,0,0
296cf6bf-ab50-458b-9336-1e8307c80b67,Kenya,60,18,844,19,825,2507,46.13,14,6,Current,Low,0.022511848341232227,0.329078579976067,0,0
cecd9d80-7a98-4c62-8249-f8f046aae340,Mozambique,43,73,817,152,665,1312,7.51,137,48,Late,Medium,0.18604651162790697,0.506859756097561,0,0
03227705-40fb-4cd8-92df-edf4656886e2,Kenya,28,88,889,295,594,1970,41.4,4,14,Current,Low,0.33183352080989875,0.3015228426395939,0,0
20117092-42b2-4471-b9b6-d2f3d5ade64e,Mozambique,25,43,652,56,596,589,18.23,164,0,Current,Low,0.08588957055214724,1.0118845500848896,0,0
890daed7-7253-423c-a74c-db9f583937c7,Egypt,23,76,225,35,190,2607,37.15,62,0,Current,Low,0.15555555555555556,0.0728807057920982,0,0
7102d5dd-e048-4232-a298-b8f424a29859,Lesotho,31,53,896,1,895,2933,15.85,98,23,Current,Low,0.0011160714285714285,0.3051483123082168,0,0
2ccc89e4-77af-476f-84e2-031ceab2ae7a,Ethiopia,27,52,448,9,439,1560,42.93,200,11,Current,Low,0.020089285714285716,0.2814102564102564,0,0
25e06661-e74e-4338-9ca3-bcaa172b014e,Tanzania,53,9,270,87,183,2414,3.99,118,33,Late,Medium,0.32222222222222224,0.07580778790389395,0,0
2a3087ed-faca-4087-bf18-8a59d5844f45,Kenya,30,95,705,316,389,856,35.71,18,0,Current,Low,0.4482269503546099,0.4544392523364486,0,0
9773a2d5-3931-4057-a317-858c6b0bc7c0,Kenya,64,30,905,228,677,242,15.38,154,15,Current,Low,0.25193370165745854,2.7975206611570247,0,0
7924aa1c-1fec-4753-84df-ccd2f78cb298,Lesotho,59,31,819,219,600,242,24.37,102,0,Current,Low,0.2673992673992674,2.479338842975207,0,0
ee3a553b-4559-493d-b55c-b788566e7446,Tanzania,50,18,497,216,281,1056,43.96,140,5,Current,Low,0.4346076458752515,0.26609848484848486,0,0
fe7cec67-3ee0-4e15-bed5-288a1955d8d3,Egypt,26,97,655,187,468,183,21.62,35,0,Current,Low,0.28549618320610687,2.557377049180328,0,0
e9e8cd9d-e276-4bfc-a1c8-315c86e89594,South Africa,37,75,763,206,557,1290,23.72,70,54,Late,Medium,0.2699868938401048,0.4317829457364341,0,0
e09d47e9-68ae-448c-bf9f-dcf822c5e705,Kenya,33,70,445,171,274,783,41.2,139,14,Current,Low,0.3842696629213483,0.3499361430395913,0,0
c195b5df-52ff-445e-9412-703efb409fa1,Ethiopia,36,23,610,114,496,2371,31.83,116,0,Current,Low,0.18688524590163935,0.20919443272880642,0,0
8a35ec1c-4754-4fdd-a730-b3de9106061b,Mozambique,62,34,606,46,560,1718,46.67,89,0,Current,Low,0.07590759075907591,0.3259604190919674,0,0
a18ae1cf-8462-4428-96e6-83fdc4b9d896,Tanzania,37,2,363,75,288,2301,44.08,100,30,Current,Low,0.2066115702479339,0.12516297262059975,0,0
64083251-e7bb-4916-8c54-f3c6da14ef01,Tanzania,22,56,663,68,595,2988,10.65,163,20,Current,Low,0.10256410256410256,0.19912985274431058,0,0
bc49fe69-08b9-4616-b2a0-330c04efb5bf,Ethiopia,46,90,444,171,273,1094,21.73,17,53,Late,Medium,0.38513513513513514,0.24954296160877515,0,0
34baf0ed-533b-434b-a313-55ebb531de0e,South Africa,50,26,468,149,319,2245,15.11,197,24,Current,Low,0.31837606837606836,0.14209354120267262,0,0
a216acbb-9636-4622-9c32-062b78084f9d,Ethiopia,37,57,450,106,344,757,34.15,79,16,Current,Low,0.23555555555555555,0.45442536327608984,0,0
82324654-3c68-4ef8-afde-7fd39dd2bfef,Mozambique,57,73,540,50,490,503,11.95,199,35,Late,Medium,0.09259259259259259,0.974155069582505,0,0
136d4541-31bb-45ec-b417-244c2baac59f,Tanzania,54,67,1174,531,643,1143,28.34,89,0,Current,Low,0.45229982964224874,0.5625546806649169,0,0
e27905a6-7465-45a6-b635-78f7d1ba0bcd,Mozambique,23,68,260,104,156,339,24.67,122,33,Late,Medium,0.4,0.46017699115044247,0,0
6be8826f-3c9c-4ab1-81e9-4b735b6a33f8,Ethiopia,42,100,1187,400,787,1420,43.16,90,0,Current,Low,0.33698399326032014,0.5542253521126761,0,0
5d90f593-0655-472b-b3d4-5bb5f8dda4ff,South Africa,32,40,359,53,306,751,11.26,135,34,Late,Medium,0.14763231197771587,0.40745672436750996,0,0
aaaef33a-3f9b-44a2-a6df-5cceff623c6e,South Africa,61,107,1085,120,965,606,38.62,4,20,Current,Low,0.11059907834101383,1.5924092409240924,0,0
075f8a09-b49b-4989-9d19-48283eea96c8,Mozambique,47,2,984,473,511,1367,30.28,88,26,Current,Low,0.4806910569105691,0.373811265544989,0,0
f6180ac3-73c6-48df-b7d4-70355dfdd292,South Africa,20,38,570,58,512,691,12.95,35,21,Current,Low,0.10175438596491228,0.7409551374819102,0,0
3706a363-9b46-4042-9cbf-57ae8571a5bb,South Africa,32,99,833,301,532,2799,4.39,39,19,Current,Low,0.36134453781512604,0.19006788138620936,0,0
3d697f70-730b-477d-83dc-a57f6e32562d,Lesotho,47,46,499,175,324,1953,27.47,156,35,Late,Medium,0.35070140280561124,0.16589861751152074,0,0
753f2dac-d303-4f6b-b381-2719bd64ec18,Tanzania,64,86,747,74,673,1585,1.82,27,38,Late,Medium,0.09906291834002677,0.4246056782334385,0,0
f112b477-b5f1-4b10-8001-a261458c2643,Ethiopia,37,23,1104,38,1066,743,7.41,151,13,Current,Low,0.034420289855072464,1.4347240915208614,0,0
726313e5-fa02-4dc3-8b81-c358c11cafc7,Lesotho,43,11,265,38,227,2288,44.83,42,45,Late,Medium,0.14339622641509434,0.09921328671328672,0,0
0646534d-3f80-4a97-982b-9a0ebb0d12d3,Tanzania,19,38,77,29,48,1222,43.13,164,13,Current,Low,0.37662337662337664,0.03927986906710311,0,0
473fb5df-591f-485a-9698-cef1220e8f2a,Kenya,36,65,873,140,733,2526,31.36,119,20,Current,Low,0.16036655211912945,0.2901821060965954,0,0
41b02664-cc64-4e0e-afc1-ed9850739a7e,Tanzania,26,31,578,168,410,1446,17.37,43,0,Current,Low,0.2906574394463668,0.2835408022130014,0,0
eec55d5e-d654-4e06-9f22-8bf6d178ae77,Mozambique,32,97,714,190,524,940,36.82,119,48,Late,Medium,0.2661064425770308,0.5574468085106383,0,0
e43f1b30-b849-46c2-b852-a279b46a428d,South Africa,30,40,561,227,334,1015,37.8,47,5,Current,Low,0.40463458110516937,0.32906403940886697,0,0
32e361c1-7416-4670-8e01-6d22c7301a9e,DRC,58,71,108,5,103,716,33.54,13,30,Current,Low,0.046296296296296294,0.14385474860335196,0,0
b883b310-68eb-4f5a-8b68-cdd4d6a5e114,Kenya,39,35,272,54,218,1878,39.47,132,0,Current,Low,0.19852941176470587,0.11608093716719915,0,0
612321e8-aff7-4ed0-8213-6098c9db5b1c,Ethiopia,55,110,291,100,191,2412,3.92,19,36,Late,Medium,0.3436426116838488,0.07918739635157546,0,0
f93311f0-f925-44cd-865f-f7eeadd56447,Tanzania,18,54,1153,95,1058,555,28.23,73,0,Current,Low,0.0823937554206418,1.9063063063063064,0,0
c6123d2f-cce4-4c88-a12d-11f87ba5073d,Kenya,18,22,720,296,424,2852,13.86,126,37,Late,Medium,0.4111111111111111,0.14866760168302945,0,0
174e77ba-c53a-47b4-a6ac-ddd8f9314982,South Africa,32,50,484,157,327,2502,23.04,23,36,Late,Medium,0.3243801652892562,0.13069544364508393,0,0
bb96669b-99ad-4e81-a1aa-b7b29e37d5d8,Mozambique,28,68,527,249,278,585,2.21,36,18,Current,Low,0.47248576850094876,0.4752136752136752,0,0
68e09237-f967-426d-97e6-8accaee9b965,DRC,62,32,374,148,226,1645,23.98,199,25,Current,Low,0.39572192513368987,0.13738601823708207,0,0
53ab7c37-eef8-42d8-9a64-faaf042fc68b,Ethiopia,19,90,844,379,465,2734,9.56,17,15,Current,Low,0.4490521327014218,0.17008046817849304,0,0
952ed978-2b62-4869-b1dd-c090fb91ba66,Tanzania,31,115,515,70,445,1389,38.94,118,49,Late,Medium,0.13592233009708737,0.320374370050396,0,0
c1206d66-7cc2-4bad-b298-4696ca0703f4,Ethiopia,62,41,928,19,909,2143,29.76,194,10,Current,Low,0.020474137931034482,0.42417172188520763,0,0
65c88ca5-402c-4ab9-bdbb-70e4874eed3b,Ethiopia,54,58,858,197,661,588,20.49,75,52,Late,Medium,0.2296037296037296,1.1241496598639455,0,0
b5ec8080-ca2f-432f-8252-bdf343ce8bf2,DRC,36,31,636,302,334,2859,27.7,118,0,Current,Low,0.4748427672955975,0.1168240643581672,0,0
e9b9f992-5b5b-4e37-8733-1e4c94ca906d,South Africa,56,116,1056,419,637,621,34.56,181,8,Current,Low,0.39678030303030304,1.0257648953301126,0,0
c729a694-7c0e-4324-80b8-1dc2656693d6,Lesotho,56,10,663,22,641,2416,6.07,95,21,Current,Low,0.033182503770739065,0.26531456953642385,0,0
dbcaff07-49d2-429f-8287-fee76f397efe,Ethiopia,40,118,1044,327,717,984,45.55,154,32,Late,Medium,0.3132183908045977,0.7286585365853658,0,0
1af2de78-e5bf-4ce6-8702-81445ff54292,Tanzania,36,67,108,41,67,931,15.94,69,0,Current,Low,0.37962962962962965,0.0719656283566058,0,0
d57b6b57-768d-4687-88dc-854c8ef67e57,Egypt,46,72,787,205,582,2875,12.39,119,0,Current,Low,0.2604828462515883,0.20243478260869566,0,0
f1ca50d9-cf44-47ac-8181-992f905ba0a8,DRC,64,37,1178,102,1076,1460,19.62,115,18,Current,Low,0.0865874363327674,0.736986301369863,0,0
42e55c3a-4407-4418-a782-2974191fea6e,Ethiopia,47,66,883,208,675,2860,23.24,83,64,Default,High,0.23556058890147225,0.23601398601398602,1,1
dbb29af0-48d8-42e7-9451-f0763291c816,Egypt,53,6,294,12,282,1843,3.04,60,15,Current,Low,0.04081632653061224,0.15301139446554532,0,0
fcd9c39a-98b2-4fe0-8bdc-4f3232757bc3,Mozambique,62,23,654,4,650,2330,40.88,56,11,Current,Low,0.0061162079510703364,0.27896995708154504,0,0
c3b86c25-e819-44c4-bd26-962c902dd93a,Tanzania,47,31,462,182,280,2044,31.4,107,54,Late,Medium,0.3939393939393939,0.136986301369863,0,0
e1c21d6b-b065-4055-9c61-25e412264b35,Ethiopia,51,56,667,119,548,1588,42.06,40,0,Current,Low,0.17841079460269865,0.345088161209068,0,0
4b441c27-a5c4-4ff4-9596-58a8f640fe1c,Lesotho,21,40,1091,500,591,2293,11.93,52,30,Current,Low,0.458295142071494,0.2577409507195813,0,0
58115b4f-71ce-4f52-8782-6be4369e3821,Tanzania,19,112,89,25,64,2190,41.95,49,12,Current,Low,0.2808988764044944,0.029223744292237442,0,0
04265fa6-1a12-4b1b-b0f1-1993095ceef1,Kenya,56,89,69,29,40,2206,38.6,157,11,Current,Low,0.42028985507246375,0.01813236627379873,0,0
3cc4da3c-c47a-4a83-aa31-94bc45d4c797,Mozambique,27,62,705,23,682,2441,32.3,19,29,Current,Low,0.032624113475177303,0.27939369111020074,0,0
db8693a0-ae1d-4673-b51f-e30c79167f42,Egypt,52,120,1008,94,914,543,18.3,155,27,Current,Low,0.09325396825396826,1.6832412523020257,0,0
c57b83c4-5b62-4d16-9cca-c5e8134ef3bd,Kenya,64,64,631,20,611,684,23.63,45,0,Current,Low,0.03169572107765452,0.8932748538011696,0,0
95dc3171-da8d-48e3-96e8-4ff49656887e,Egypt,23,96,198,9,189,2699,10.68,184,0,Current,Low,0.045454545454545456,0.0700259355316784,0,0
d6b6de09-df84-4d5d-ada4-9742fc85566e,Egypt,46,116,688,137,551,1260,22.01,131,13,Current,Low,0.19912790697674418,0.4373015873015873,0,0
f83dd503-d8c4-4c9f-8754-b85eec7c4ae1,Tanzania,54,47,290,122,168,178,37.46,1,1,Current,Low,0.4206896551724138,0.9438202247191011,0,0
4f167f25-0360-4d4d-9825-8b9bd46498f3,Egypt,18,58,167,63,104,1305,1.79,9,4,Current,Low,0.3772455089820359,0.07969348659003832,0,0
7a4325de-a939-44c6-ac28-7945b869aa5d,Tanzania,65,37,718,216,502,2233,23.01,84,15,Current,Low,0.3008356545961003,0.22480967308553515,0,0
367ae3a9-f411-49f4-93ed-be7da71ad017,Kenya,47,75,660,8,652,2979,36.29,83,29,Current,Low,0.012121212121212121,0.21886539107082914,0,0
abe94b33-1eed-4f3e-904f-d1f2e526518b,Tanzania,24,43,337,135,202,237,11.15,107,35,Late,Medium,0.40059347181008903,0.8523206751054853,0,0
223e9083-762f-41bd-98a0-7c40ec8856cc,Mozambique,33,75,425,13,412,602,41.92,147,10,Current,Low,0.03058823529411765,0.6843853820598007,0,0
0da5e3ab-3d22-47d6-a060-9643d96ce1bc,South Africa,34,118,176,31,145,2612,45.46,34,0,Current,Low,0.17613636363636365,0.05551301684532925,0,0
4cb19739-3e50-4176-8f43-406f20232f0f,South Africa,34,49,161,24,137,329,40.83,20,0,Current,Low,0.14906832298136646,0.41641337386018235,0,0
3e9de388-efa5-4a88-ae43-846a322b4a71,Tanzania,18,110,124,50,74,2627,20.5,73,24,Current,Low,0.4032258064516129,0.028169014084507043,0,0
de531714-b108-4348-bdda-7c061bfd7be4,DRC,57,16,939,335,604,2222,23.29,14,10,Current,Low,0.35676251331203407,0.27182718271827183,0,0
1d01cfa4-4556-4533-812f-2dd155ef69cd,Tanzania,44,14,328,49,279,2168,24.46,40,0,Current,Low,0.14939024390243902,0.128690036900369,0,0
fcb3722d-1260-4340-a55e-2127d5900cfa,DRC,36,57,308,21,287,585,49.21,149,25,Current,Low,0.06818181818181818,0.4905982905982906,0,0
90e650f9-b9d2-4291-85f3-b98370ef49a1,Mozambique,44,101,424,63,361,2726,42.2,82,8,Current,Low,0.14858490566037735,0.13242846661775495,0,0
837cb8de-3b85-4cdf-874e-13d1e25cb890,Mozambique,50,80,179,64,115,924,2.15,112,33,Late,Medium,0.3575418994413408,0.12445887445887446,0,0
afa58fca-0f13-4b72-8d26-90fee28f2362,Egypt,23,64,364,58,306,231,33.27,188,30,Current,Low,0.15934065934065933,1.3246753246753247,0,0
f88a4a62-e303-4c40-b0f8-1e042063661f,Tanzania,65,88,549,145,404,438,14.33,117,0,Current,Low,0.2641165755919854,0.9223744292237442,0,0
d0b59ecb-004b-4575-ac26-9598ba1e8f3b,Kenya,52,34,86,15,71,449,25.37,130,27,Current,Low,0.1744186046511628,0.15812917594654788,0,0
2c609b97-cefb-42f8-8ff2-5a330c920896,Tanzania,21,82,283,82,201,516,13.84,117,31,Late,Medium,0.28975265017667845,0.38953488372093026,0,0
78155ab3-efea-413c-8b23-3fbca4ed5554,South Africa,34,45,273,123,150,232,31.5,107,30,Current,Low,0.45054945054945056,0.646551724137931,0,0
45729e18-41a2-4bd7-a4cd-45099743140e,South Africa,52,8,1109,30,1079,1980,37.96,178,42,Late,Medium,0.027051397655545536,0.544949494949495,0,0
2995cef7-3be7-4071-8ab9-cee54c5a2b08,DRC,28,8,807,402,405,821,25.47,117,18,Current,Low,0.49814126394052044,0.4933008526187576,0,0
1e59973a-6001-4e5c-9501-01710210c269,Mozambique,28,34,68,34,34,562,23.26,76,22,Current,Low,0.5,0.060498220640569395,0,0
06a9929a-f53e-4af6-9b8f-ee5a74481b0c,Tanzania,36,79,730,141,589,1323,21.55,42,7,Current,Low,0.19315068493150686,0.4452003023431595,0,0
8b11b651-1fed-4777-89a5-12499560796c,Egypt,22,101,549,88,461,2007,42.89,148,36,Late,Medium,0.16029143897996356,0.22969606377678126,0,0
442c19f8-ad28-4e1b-93b7-21717548f2b7,Lesotho,48,20,536,14,522,1852,44.88,23,19,Current,Low,0.026119402985074626,0.2818574514038877,0,0
1515c9f2-004c-4ca6-971a-c988ab60adc8,Kenya,41,5,919,48,871,273,17.19,24,9,Current,Low,0.05223068552774755,3.1904761904761907,0,0
050bbefd-033c-4b71-82ea-048e7cd651f9,Tanzania,26,118,332,120,212,1285,36.45,143,0,Current,Low,0.3614457831325301,0.1649805447470817,0,0
222fb8a8-1871-4ada-916a-c54f7370c2ea,Lesotho,32,57,479,171,308,1411,12.4,72,0,Current,Low,0.3569937369519833,0.21828490432317504,0,0
8bb3d014-be3d-4ef1-88a2-7a06304bd3b6,DRC,42,33,334,11,323,1767,30.79,76,34,Late,Medium,0.03293413173652695,0.1827956989247312,0,0
28785bca-24fe-4982-962a-b917b09fba07,Tanzania,61,12,597,255,342,2597,30.07,183,31,Late,Medium,0.4271356783919598,0.13169041201386214,0,0
f6ac13a5-6916-46b4-a3f8-2ff2c4276178,Egypt,44,84,985,230,755,2970,10.32,178,46,Late,Medium,0.233502538071066,0.2542087542087542,0,0
3f44d3ab-63ec-4f97-9a47-b3336cb72735,Egypt,52,74,268,85,183,692,33.1,90,28,Current,Low,0.31716417910447764,0.26445086705202314,0,0
e4d88659-9666-4656-9ec9-c07807a8b62a,DRC,65,36,389,44,345,1434,19.69,174,2,Current,Low,0.11311053984575835,0.2405857740585774,0,0
5416195f-190e-48ac-be3b-6b397b9beb49,Lesotho,24,29,464,156,308,2963,23.02,91,34,Late,Medium,0.33620689655172414,0.10394870064124198,0,0
30dc54ab-2e25-4c28-9728-ebc5f63d0230,Tanzania,28,18,479,138,341,1054,44.78,189,18,Current,Low,0.2881002087682672,0.3235294117647059,0,0
80f569d9-063c-405a-84e6-502588e47858,South Africa,47,25,523,242,281,2687,47.67,9,31,Late,Medium,0.4627151051625239,0.10457759583178265,0,0
48e4babb-2f40-4fc8-9912-d63f72e2d0fe,Egypt,51,88,1179,484,695,494,28.92,183,0,Current,Low,0.41051738761662426,1.4068825910931173,0,0
1add43f3-ba98-4099-8ab8-7d72fecb0bf2,Kenya,58,47,887,123,764,1501,26.09,147,24,Current,Low,0.1386696730552424,0.5089940039973351,0,0
67a0dd0e-6372-4a93-815b-0245c257d493,Tanzania,18,67,245,39,206,2226,25.78,36,20,Current,Low,0.15918367346938775,0.09254267744833783,0,0
ff4b36ba-56ca-4289-99c8-3fb7d5706667,Tanzania,34,100,489,54,435,1811,36.16,194,61,Default,High,0.11042944785276074,0.2401987852015461,1,1
6563f1bd-7741-4060-9d8a-0e07a9be5d9c,DRC,31,47,89,10,79,965,7.51,42,9,Current,Low,0.11235955056179775,0.08186528497409326,0,0
4201b73c-5581-4af5-961b-4d8dcc8df6f0,DRC,39,32,252,10,242,1486,46.31,11,0,Current,Low,0.03968253968253968,0.16285329744279947,0,0
df4e81a8-3d53-4d3a-873a-5fcb873b2fa9,Lesotho,56,12,168,16,152,2680,29.28,15,41,Late,Medium,0.09523809523809523,0.056716417910447764,0,0
e94fd888-9fa7-4b96-8b46-004e4be95663,Kenya,42,8,673,17,656,2060,19.48,40,18,Current,Low,0.02526002971768202,0.31844660194174756,0,0
0c26a9f6-d703-406e-bc14-e8a9cd31599e,Lesotho,47,28,1123,285,838,2853,0.83,98,0,Current,Low,0.25378450578806766,0.2937259025587101,0,0
b32eb624-3881-4a3a-8395-d7d88f92522d,South Africa,57,67,327,62,265,2343,22.31,80,59,Late,Medium,0.18960244648318042,0.11310285958173281,0,0
372e315f-2c5f-4cd2-aafd-27f1a52e4089,South Africa,47,102,729,251,478,2980,34.54,19,31,Late,Medium,0.3443072702331962,0.1604026845637584,0,0
e4f1748e-fb0a-4ac8-8cb3-4145b2632bee,Egypt,41,110,803,209,594,2663,42.32,21,32,Late,Medium,0.2602739726027397,0.22305670296657903,0,0
090a18e2-f787-4f98-a0bd-29bfa998a8d2,DRC,25,103,1176,158,1018,1863,4.02,117,20,Current,Low,0.13435374149659865,0.546430488459474,0,0
5bec4d29-d874-443a-9537-f55b137bf06e,Kenya,25,50,1025,127,898,647,30.36,171,0,Current,Low,0.12390243902439024,1.3879443585780527,0,0
f03f3c73-d7dc-4598-a3c4-c7d01507a646,Ethiopia,52,42,63,22,41,832,25.19,67,19,Current,Low,0.3492063492063492,0.04927884615384615,0,0
5cd5e1ef-80bf-4606-9d32-7893cabd2f01,Tanzania,28,92,383,178,205,2160,27.73,177,0,Current,Low,0.46475195822454307,0.09490740740740741,0,0
acfd31f1-677c-43af-8d4d-9ac5dcd77fd4,DRC,36,8,637,243,394,2183,22.34,136,13,Current,Low,0.3814756671899529,0.18048557031607879,0,0
3ae64135-e9a4-4456-963c-5d00ce573a74,Ethiopia,28,50,429,128,301,797,48.09,178,3,Current,Low,0.29836829836829837,0.37766624843161856,0,0
27a24d9b-7c14-4ac3-ac66-0ee1a3244491,South Africa,37,79,348,165,183,2381,36.2,145,40,Late,Medium,0.47413793103448276,0.07685846283074338,0,0
39c4778e-a357-42df-b481-2793082dbfcb,DRC,40,35,477,34,443,2598,21.73,182,0,Current,Low,0.07127882599580712,0.17051578137028484,0,0
645b19aa-ea99-4d53-926d-01b1a0ae32f2,Lesotho,65,8,1111,312,799,1728,20.23,76,0,Current,Low,0.2808280828082808,0.46238425925925924,0,0
c205eff4-fc8f-47f7-8bac-2c4f6091d164,Egypt,26,37,59,5,54,2962,20.1,67,20,Current,Low,0.0847457627118644,0.01823092505064146,0,0
2ed959be-0b13-460d-9ea2-49dbe2d1f663,Ethiopia,45,8,651,229,422,2733,20.25,37,35,Late,Medium,0.35176651305683565,0.1544090742773509,0,0
2f1f504e-4262-4206-9fcb-9992f03dec71,Egypt,65,63,528,212,316,1527,15.02,173,17,Current,Low,0.4015151515151515,0.20694171578258022,0,0
11a70ce1-3600-4fa0-9532-53a99a3e9600,Kenya,60,83,242,47,195,253,45.31,167,0,Current,Low,0.19421487603305784,0.7707509881422925,0,0
af561e63-ae17-4c79-a813-969a564cb22e,Kenya,64,19,272,112,160,1872,9.89,75,21,Current,Low,0.4117647058823529,0.08547008547008547,0,0
7cfe0cc2-259b-469a-be77-4aa6ed7a3a0c,Ethiopia,65,7,425,33,392,2341,10.96,180,0,Current,Low,0.07764705882352942,0.16744980777445537,0,0
91db345b-f518-4834-a2fd-8f82e07553d3,Egypt,59,29,54,24,30,1933,11.34,150,30,Current,Low,0.4444444444444444,0.015519917227108122,0,0
a58dad19-0d2f-4caf-ac7c-5b8dde63971c,Tanzania,60,50,923,4,919,2410,1.57,135,4,Current,Low,0.004333694474539545,0.3813278008298755,0,0
d45c1fe3-506e-48b8-a1c6-d8d571564a70,DRC,53,99,172,38,134,867,37.42,61,0,Current,Low,0.22093023255813954,0.15455594002306805,0,0
3434c457-a02d-4a2a-bffb-8f779d17ac6d,Egypt,35,12,907,47,860,231,20.9,154,42,Late,Medium,0.05181918412348401,3.722943722943723,0,0
98de6433-21ac-4db4-a756-0dd3fed482dd,Kenya,22,17,222,99,123,355,4.53,157,54,Late,Medium,0.44594594594594594,0.3464788732394366,0,0
21043cf3-4810-4095-b7b7-8b56a6be4712,Egypt,37,61,852,328,524,2239,49.11,136,0,Current,Low,0.38497652582159625,0.23403305046895936,0,0
aeed3f61-5d17-4372-b7e5-3ce0756eca33,Ethiopia,51,15,548,211,337,2830,30.02,185,3,Current,Low,0.38503649635036497,0.11908127208480565,0,0
39a1d1b7-3545-41d0-8338-580849448409,Ethiopia,50,100,681,245,436,1294,0.85,100,0,Current,Low,0.35976505139500736,0.3369397217928903,0,0
983f0b45-ad4c-41a6-953c-cb71c1a135ad,Tanzania,22,38,337,62,275,745,11.93,188,0,Current,Low,0.18397626112759644,0.3691275167785235,0,0
322964de-2fef-4935-a7b7-191b3cafaf0f,Kenya,35,113,658,221,437,2498,1.61,175,20,Current,Low,0.33586626139817627,0.17493995196156925,0,0
5437fbdb-8a7f-4fc8-af9a-e8487cf15179,Egypt,29,55,836,322,514,1506,9.43,98,5,Current,Low,0.38516746411483255,0.34130146082337315,0,0
3ce6a784-dcae-4561-8502-6a905492a89d,Lesotho,62,107,255,114,141,2715,32.81,132,18,Current,Low,0.4470588235294118,0.051933701657458566,0,0
5404d6a6-1cf3-4589-b812-c41e57020088,Mozambique,21,36,861,72,789,1939,23.23,114,7,Current,Low,0.08362369337979095,0.406910778751934,0,0
ddfc03cf-ffb7-41fa-b839-ea854c66e506,Kenya,23,106,1169,570,599,2686,15.05,172,33,Late,Medium,0.4875962360992301,0.22300819061801935,0,0
851b762a-f59f-40f1-984c-670665e3aedd,South Africa,34,67,607,238,369,884,34.16,21,70,Default,High,0.39209225700164746,0.417420814479638,1,1
5421ad24-d1f9-4ef7-b945-17451473fc63,Ethiopia,39,18,929,51,878,1647,48.45,181,57,Late,Medium,0.05489773950484392,0.533090467516697,0,0
6145d58c-8246-4878-9a5d-7e564ff16ff9,DRC,46,41,506,166,340,238,15.48,14,21,Current,Low,0.32806324110671936,1.4285714285714286,0,0
6cb1fe41-dce3-4d4e-b7f5-c0f7b5373950,Egypt,61,112,649,173,476,192,29.16,166,3,Current,Low,0.2665639445300462,2.4791666666666665,0,0
05a5faa1-8cf1-41f1-973b-600a3e8d657b,South Africa,39,18,823,135,688,1556,30.52,110,0,Current,Low,0.16403402187120292,0.442159383033419,0,0
97f1f595-d44e-4a0d-b277-d8b91a619067,Mozambique,42,109,472,94,378,2241,24.41,74,8,Current,Low,0.19915254237288135,0.1686746987951807,0,0
75bbc352-f32d-4891-8805-b91914975f2a,Kenya,50,68,601,33,568,1947,26.11,32,14,Current,Low,0.05490848585690516,0.29173086800205444,0,0
ea417188-de05-4599-9f01-842025ad1190,Egypt,39,86,460,108,352,2109,42.8,149,23,Current,Low,0.23478260869565218,0.16690374585111428,0,0
9ca2479d-0834-4e65-a5d7-452024f4bda2,Lesotho,53,105,795,259,536,868,45.07,2,21,Current,Low,0.32578616352201256,0.6175115207373272,0,0
e34f3d39-4e58-48e4-abd7-c0f26138cdfb,Mozambique,48,74,790,188,602,1304,9.6,153,0,Current,Low,0.2379746835443038,0.4616564417177914,0,0
378bf15e-2fcb-4c37-9dea-84a57ee4537a,South Africa,56,31,381,162,219,2739,10.84,114,7,Current,Low,0.4251968503937008,0.07995618838992333,0,0
41d24605-2fdd-44c7-acc0-1e419147249c,Ethiopia,56,112,800,16,784,2131,43.56,63,0,Current,Low,0.02,0.3679023932426091,0,0
e880652d-0451-4abc-ab78-240189e1b91b,Mozambique,44,38,1120,107,1013,439,41.32,152,52,Late,Medium,0.09553571428571428,2.30751708428246,0,0
518e5dd7-71aa-41d2-b04a-96bf545c9cfb,Egypt,22,54,525,33,492,2317,49.71,43,12,Current,Low,0.06285714285714286,0.2123435476909797,0,0
c0aa8b10-76b5-43b4-9e60-258c66ab6ae4,Mozambique,27,1,800,23,777,2045,27.57,21,39,Late,Medium,0.02875,0.3799511002444988,0,0
4c0aa40c-badf-49a3-9c79-91d8c42f6f18,Tanzania,22,1,126,32,94,757,26.44,5,18,Current,Low,0.25396825396825395,0.12417437252311757,0,0
aa7b25a3-f2ed-47fd-a796-c630cf2b5d55,DRC,53,32,855,122,733,360,21.8,59,59,Late,Medium,0.14269005847953217,2.036111111111111,0,0
a74a7d33-9ded-481c-bf5e-e1bc9a44feff,DRC,38,112,1120,233,887,505,6.02,59,16,Current,Low,0.2080357142857143,1.7564356435643564,0,0
750e55f2-a195-43d0-a513-9ab75cb26d90,South Africa,49,77,213,7,206,884,44.28,77,3,Current,Low,0.03286384976525822,0.2330316742081448,0,0
cb34c3e0-3879-428a-920c-97673ef7f827,South Africa,63,47,1105,217,888,784,36.87,132,6,Current,Low,0.19638009049773755,1.1326530612244898,0,0
db7fbc9f-dd51-48cb-bfe2-a3b8732570bb,Egypt,55,68,881,153,728,856,44.29,100,48,Late,Medium,0.17366628830874006,0.8504672897196262,0,0
0ea72136-572c-4c10-9b92-f2ab85a60064,Egypt,39,63,915,208,707,1638,40.48,25,19,Current,Low,0.2273224043715847,0.43162393162393164,0,0
85ae605f-f14f-413c-bd03-a857fae736a1,Egypt,63,42,471,93,378,2550,38.34,128,21,Current,Low,0.19745222929936307,0.14823529411764705,0,0
c56bc354-54dc-41ad-b517-463ecd279516,Mozambique,24,32,554,125,429,1633,6.49,92,46,Late,Medium,0.22563176895306858,0.26270667483159826,0,0
809b5c2d-c6e7-4399-8919-5439545955d1,Ethiopia,46,36,375,82,293,1144,30.41,129,17,Current,Low,0.21866666666666668,0.2561188811188811,0,0
2ec09930-a47c-4299-a47f-dc30c47447c0,Kenya,57,37,593,86,507,786,41.45,150,0,Current,Low,0.14502529510961215,0.6450381679389313,0,0
da8398f7-0066-48f0-bd17-de9c249e7abb,Tanzania,23,20,200,17,183,1941,15.35,73,8,Current,Low,0.085,0.09428129829984544,0,0
76e9f201-61e1-4ea2-ac36-6d858bf99fc0,Egypt,37,6,546,14,532,1848,32.69,146,11,Current,Low,0.02564102564102564,0.2878787878787879,0,0
dd548b68-18ec-4304-8c75-31737eeaa230,Kenya,65,74,695,231,464,1238,4.14,59,9,Current,Low,0.33237410071942447,0.37479806138933763,0,0
7b7da722-23c6-4106-ac38-195873d63ab8,DRC,21,68,944,119,825,660,28.91,46,27,Current,Low,0.1260593220338983,1.25,0,0
231d9731-4de5-4748-aacb-069c18551dd0,DRC,36,29,1132,448,684,1247,30.69,162,0,Current,Low,0.3957597173144876,0.5485164394546913,0,0
b33deb76-11e7-403f-a7f2-c64a787c97fd,Lesotho,30,37,236,26,210,1355,31.69,120,34,Late,Medium,0.11016949152542373,0.15498154981549817,0,0
41b431a1-de06-4445-aae0-72ca5924bf52,Mozambique,45,90,812,296,516,2296,27.38,117,25,Current,Low,0.3645320197044335,0.22473867595818817,0,0
78601e1b-d073-472b-a8d3-82d49e59d1f0,Tanzania,25,72,623,186,437,1252,13.41,77,1,Current,Low,0.2985553772070626,0.3490415335463259,0,0
2eb6a654-aafc-430d-a8fd-d6129785f6e5,Egypt,21,47,758,129,629,689,37.08,33,31,Late,Medium,0.17018469656992086,0.9129172714078374,0,0
4cd66713-2923-4691-bccb-5eaf3cc13efd,Mozambique,61,110,668,110,558,2240,11.76,53,15,Current,Low,0.16467065868263472,0.24910714285714286,0,0
96f7e207-41d9-4f61-b70c-54e8493aaccd,Tanzania,37,22,944,362,582,2558,21.67,26,25,Current,Low,0.3834745762711864,0.22752150117279124,0,0
cced4635-4354-4071-9847-6c052a43a434,Ethiopia,65,101,1099,61,1038,177,22.93,76,22,Current,Low,0.055505004549590536,5.864406779661017,0,0
c3a7f177-c5aa-46be-a2fe-512057546162,Lesotho,28,78,600,207,393,168,48.02,45,3,Current,Low,0.345,2.3392857142857144,0,0
53f8f7e1-8268-4ba2-bf86-b52380b282b9,Ethiopia,38,107,475,223,252,209,0.68,137,4,Current,Low,0.4694736842105263,1.2057416267942584,0,0
86d0a9c9-ecd8-4b67-8b46-378eed9d41bb,Tanzania,20,110,762,119,643,2323,23.7,200,46,Late,Medium,0.15616797900262466,0.2767972449418855,0,0
406d5e08-506f-4e1a-9b61-4d0cb248d999,Kenya,31,78,627,231,396,2106,22.55,7,7,Current,Low,0.3684210526315789,0.18803418803418803,0,0
01fa6024-e370-474f-a291-d56a01565f25,Tanzania,23,100,872,54,818,1587,22.34,199,51,Late,Medium,0.06192660550458716,0.5154379332073094,0,0
e9b8455b-3be8-48df-8e18-6cbaf2d693e3,DRC,57,34,1080,36,1044,2341,17.29,134,29,Current,Low,0.03333333333333333,0.4459632635625801,0,0
b547cb69-0e5d-4ce9-aff5-921bec334de3,Egypt,19,41,1092,358,734,1939,4.81,47,39,Late,Medium,0.32783882783882784,0.37854564208354824,0,0
3eddf694-cbd0-47fe-8712-a46ef6276bfb,Egypt,54,89,615,151,464,1600,9.78,119,4,Current,Low,0.24552845528455283,0.29,0,0
c095192d-b269-4c56-95b8-ea6e07fe3b49,Lesotho,24,77,754,226,528,1879,40.58,99,32,Late,Medium,0.29973474801061006,0.28100053219797766,0,0
4ff19a5f-dfbe-4a5e-b710-10e1a734821a,Tanzania,47,78,1017,224,793,2439,0.98,68,7,Current,Low,0.22025565388397247,0.3251332513325133,0,0
f1510709-a07c-4b7c-be52-c2fcfe708720,Egypt,20,84,1074,471,603,1389,39.54,110,21,Current,Low,0.43854748603351956,0.43412526997840173,0,0
fff042bd-23c6-48fb-aa45-1d702579ad49,Ethiopia,31,94,542,210,332,1579,36.21,176,52,Late,Medium,0.3874538745387454,0.21025965801139962,0,0
804cdc3c-bd8f-4a62-81fc-08bc80b3af96,Lesotho,61,61,1134,179,955,1376,28.45,9,0,Current,Low,0.15784832451499117,0.6940406976744186,0,0
99c1997a-d343-4246-b920-f725e553fa3a,Mozambique,26,28,911,84,827,1345,8.48,171,18,Current,Low,0.09220636663007684,0.6148698884758365,0,0
1cd05052-3b0e-47e3-b809-4678df1aa480,Mozambique,60,107,790,121,669,1297,6.18,128,0,Current,Low,0.15316455696202533,0.5158057054741712,0,0
f63489d2-6eb4-498d-83c3-a152efd1dbb6,Mozambique,54,13,200,74,126,279,33.03,133,27,Current,Low,0.37,0.45161290322580644,0,0
880261c1-2672-41af-b092-557444d1a577,South Africa,47,25,158,42,116,2715,24.98,171,5,Current,Low,0.26582278481012656,0.0427255985267035,0,0
db61f74f-43f9-473e-82d4-ff337b5f8756,Ethiopia,47,91,141,3,138,1090,29.9,165,1,Current,Low,0.02127659574468085,0.12660550458715597,0,0
1de2806e-8b85-4488-862d-cfcdf0840719,Kenya,36,20,266,126,140,2385,36.86,82,25,Current,Low,0.47368421052631576,0.05870020964360587,0,0
34c17f72-6b47-4fe3-a8dc-7de6ac898666,South Africa,23,100,314,115,199,1660,29.47,177,34,Late,Medium,0.3662420382165605,0.11987951807228915,0,0
a43bad82-f61f-4fc9-a391-fbb4297ac40f,Tanzania,55,117,306,40,266,1300,27.9,200,38,Late,Medium,0.13071895424836602,0.20461538461538462,0,0
08a7395b-dcfd-40df-bc67-fb6b3610af7f,Lesotho,30,68,362,60,302,1489,23.55,47,0,Current,Low,0.16574585635359115,0.2028206850235057,0,0
49f53c22-09ff-4ea5-b4c4-3b774fd6113f,Mozambique,30,102,562,243,319,2370,28.74,3,7,Current,Low,0.43238434163701067,0.13459915611814346,0,0
17e96d9d-c95c-47b0-be0d-229d215c0a65,Ethiopia,49,30,469,158,311,185,41.66,187,0,Current,Low,0.3368869936034115,1.681081081081081,0,0
d324bdb1-0583-48b3-9de0-059a5358db18,Ethiopia,40,4,426,101,325,2685,22.87,149,0,Current,Low,0.23708920187793428,0.12104283054003724,0,0
61a383af-1dd6-4162-b75a-cb08e5820673,South Africa,55,74,299,30,269,1773,19.58,55,8,Current,Low,0.10033444816053512,0.15172024816694868,0,0
af047081-3ee9-4eaf-afc7-103283139459,Egypt,18,118,269,110,159,2472,34.73,175,0,Current,Low,0.40892193308550184,0.06432038834951456,0,0
701d17e6-f8bd-400f-b78b-cef4a56cd069,Ethiopia,36,20,643,105,538,2283,34.0,51,27,Current,Low,0.16329704510108864,0.23565484012264565,0,0
9d7f700c-9647-46fa-aa60-4a6f103c3e0b,Kenya,43,13,82,36,46,2170,3.34,122,21,Current,Low,0.43902439024390244,0.02119815668202765,0,0
92bf1f04-ee6a-4161-af24-256d412df4ec,Kenya,22,25,316,45,271,1952,23.79,120,0,Current,Low,0.14240506329113925,0.13883196721311475,0,0
39d107cf-9f22-43a6-810f-2295b9154496,DRC,48,89,1148,472,676,743,41.95,184,18,Current,Low,0.41114982578397213,0.9098250336473755,0,0
7ce0dc0a-7bb1-4a0d-a107-8c089d501c79,Lesotho,49,40,97,37,60,2608,47.58,50,2,Current,Low,0.38144329896907214,0.023006134969325152,0,0
2c8a78aa-1ab3-4955-aa83-383e19471882,Tanzania,29,91,1129,150,979,684,18.67,22,0,Current,Low,0.1328609388839681,1.4312865497076024,0,0
5c06e718-93e0-4070-85f1-002e418f8898,Ethiopia,61,44,687,20,667,2252,38.34,12,0,Current,Low,0.02911208151382824,0.29618117229129665,0,0
6d51ff51-d840-477b-b7a8-032ef4b47aa0,Egypt,33,65,393,178,215,604,21.0,64,53,Late,Medium,0.4529262086513995,0.35596026490066224,0,0
61e693e6-d704-4922-ada4-fe694a18e30d,Lesotho,39,13,1142,230,912,2115,35.3,133,31,Late,Medium,0.20140105078809106,0.43120567375886526,0,0
e767c76f-9f01-48e7-856f-a6b293f7dcc7,Tanzania,46,118,923,436,487,1422,20.96,103,14,Current,Low,0.4723726977248104,0.34247538677918427,0,0
ab362a29-47e2-4ee0-8aac-dae4867e4d89,DRC,46,102,899,304,595,2002,1.12,167,27,Current,Low,0.3381535038932147,0.2972027972027972,0,0
9bcc44b4-265d-4577-89a4-b7d367ade7e2,Tanzania,53,16,144,21,123,2489,41.86,122,9,Current,Low,0.14583333333333334,0.04941743672157493,0,0
0aafe6c1-7e47-4b1b-8eaa-065c72c58456,Egypt,59,78,653,196,457,702,29.36,71,0,Current,Low,0.3001531393568147,0.6509971509971509,0,0
78b4534a-8b77-4c90-abd1-4371aa32a016,Kenya,27,93,800,198,602,450,20.11,196,59,Late,Medium,0.2475,1.3377777777777777,0,0
bad073d7-f814-4efe-b8d9-2ac73feb8ce8,South Africa,27,106,691,44,647,391,41.56,47,18,Current,Low,0.06367583212735166,1.6547314578005115,0,0
1614b6a1-644a-456c-bc63-f0082553d866,Egypt,64,30,79,30,49,866,9.6,6,0,Current,Low,0.379746835443038,0.05658198614318707,0,0
0ef88882-4f71-43f0-9851-c37074db86e7,Kenya,62,90,845,50,795,855,13.28,194,40,Late,Medium,0.05917159763313609,0.9298245614035088,0,0
d6e742c4-c08d-4d31-b0d7-bc82134dd876,Egypt,22,79,448,22,426,2703,27.46,7,17,Current,Low,0.049107142857142856,0.15760266370699222,0,0
dddec53e-c6d0-4a0e-970b-4029523f8aaf,Lesotho,41,14,567,68,499,1999,20.94,5,4,Current,Low,0.11992945326278659,0.2496248124062031,0,0
939a7e16-5cca-40c6-bcb6-ef2542e3b64d,Egypt,50,101,462,178,284,1948,45.79,180,26,Current,Low,0.3852813852813853,0.1457905544147844,0,0
75891c25-2051-4181-88ba-06de72ac9061,DRC,46,28,379,62,317,716,30.49,5,0,Current,Low,0.16358839050131926,0.44273743016759776,0,0
cabc96d7-a58f-429d-810b-430da8f3313c,DRC,32,3,1083,88,995,2900,5.26,82,0,Current,Low,0.08125577100646353,0.3431034482758621,0,0
e05bbef0-a530-496d-bb80-87684dab7970,Tanzania,31,35,83,22,61,1056,2.25,32,20,Current,Low,0.26506024096385544,0.05776515151515151,0,0
15a3eae1-94ac-42d2-919e-e26d2b1c7580,Ethiopia,51,14,400,67,333,542,34.97,184,24,Current,Low,0.1675,0.6143911439114391,0,0
4cee9c12-c037-4cb3-87e3-94c6f5819f5f,South Africa,56,82,958,77,881,1607,30.5,74,0,Current,Low,0.08037578288100208,0.5482265090230243,0,0
991e3b0e-77bb-4b2d-a047-14cae4faa9e6,Mozambique,20,9,1177,542,635,1514,26.67,85,35,Late,Medium,0.46049277824978757,0.4194187582562748,0,0
1e9e57a9-356d-4ac2-bd9e-f9e702cb1520,DRC,60,45,694,106,588,2926,17.91,115,14,Current,Low,0.15273775216138327,0.20095693779904306,0,0
fe4889f8-23cd-45dc-a6bc-b1e9b633b8d9,Ethiopia,41,119,846,400,446,1198,47.82,16,1,Current,Low,0.4728132387706856,0.3722871452420701,0,0
4926ff67-34c2-4512-9b8f-602f245a5c26,Mozambique,63,63,285,49,236,146,29.9,105,0,Current,Low,0.17192982456140352,1.6164383561643836,0,0
0e599fb6-e030-4722-80c2-a79d2fe08138,DRC,54,106,97,43,54,297,14.55,129,0,Current,Low,0.44329896907216493,0.18181818181818182,0,0
330dc70f-79ae-4306-b376-887ad2f4f363,Egypt,55,46,364,84,280,2238,24.88,103,0,Current,Low,0.23076923076923078,0.12511170688114387,0,0
063729ef-3c16-40d4-bb7b-898c4a84f544,Ethiopia,24,14,894,100,794,1429,23.15,184,1,Current,Low,0.11185682326621924,0.5556333100069979,0,0
5c1c0f63-4520-43a7-ac49-b2e97dc704dd,Lesotho,38,97,472,228,244,589,39.37,192,8,Current,Low,0.4830508474576271,0.4142614601018676,0,0
3db44992-db77-4e6c-acf6-d46ace51c2dd,Egypt,48,88,311,111,200,1006,34.39,51,45,Late,Medium,0.35691318327974275,0.1988071570576541,0,0
fccfe853-28e3-49e2-9396-217b17a706c2,Tanzania,25,68,898,193,705,244,43.62,58,0,Current,Low,0.21492204899777284,2.889344262295082,0,0
39c5ab58-e58d-4700-92fd-7cb4101b082b,DRC,48,42,62,22,40,2949,5.73,149,23,Current,Low,0.3548387096774194,0.01356391997287216,0,0
ff884a8a-5237-472d-987e-eefd5b33827f,Egypt,47,53,165,9,156,497,33.7,153,31,Late,Medium,0.05454545454545454,0.31388329979879276,0,0
0c491716-af58-4dff-9627-a1c5acc83688,Mozambique,18,52,336,1,335,396,30.81,194,29,Current,Low,0.002976190476190476,0.8459595959595959,0,0
7a3f6799-0272-4464-ba76-2df09c41fa97,DRC,49,82,207,81,126,590,16.62,69,60,Late,Medium,0.391304347826087,0.2135593220338983,0,0
e72f4258-bfbb-489f-97bf-7b44d4f98af5,Mozambique,22,43,624,304,320,2559,3.29,117,23,Current,Low,0.48717948717948717,0.1250488472059398,0,0
dbb6f061-b18c-4068-94b5-76117d3d2074,Tanzania,22,22,812,170,642,1633,22.14,56,20,Current,Low,0.20935960591133004,0.39314145744029394,0,0
9182f841-5f88-4f3b-9c12-b5a4425502be,Egypt,30,68,554,224,330,2156,46.46,75,35,Late,Medium,0.4043321299638989,0.15306122448979592,0,0
feb43fd3-7c8e-4339-86fc-818149e1c265,Kenya,55,43,564,262,302,1955,18.04,84,48,Late,Medium,0.4645390070921986,0.15447570332480817,0,0
9c1af571-33d0-4e14-af36-5d0cb82d5121,Ethiopia,56,107,213,37,176,2383,37.4,132,20,Current,Low,0.17370892018779344,0.07385648342425515,0,0
2a9ba5a1-5652-413c-ad94-dd34a06bd7af,Ethiopia,53,22,469,207,262,1619,4.07,110,8,Current,Low,0.44136460554371004,0.16182828906732552,0,0
cd82798a-a6e0-4f5a-91d4-99aa63382b3d,Lesotho,50,100,1126,79,1047,1246,22.69,184,28,Current,Low,0.07015985790408526,0.8402889245585875,0,0
6d4331c6-768a-4d5d-a12f-bd1666b6db98,South Africa,41,37,1041,452,589,1236,43.86,193,0,Current,Low,0.43419788664745435,0.47653721682847894,0,0
8c6a1f74-0033-467f-be1a-5bb8393c4652,Mozambique,27,17,1130,197,933,1478,36.61,95,0,Current,Low,0.1743362831858407,0.6312584573748309,0,0
1e666ae4-6c34-401c-a1bf-8d969fdaaf77,Kenya,50,61,76,27,49,2175,30.41,89,21,Current,Low,0.35526315789473684,0.022528735632183907,0,0
5df0ae8e-740f-47fa-9774-ad4516adf2bd,Lesotho,31,42,362,15,347,571,24.96,68,28,Current,Low,0.04143646408839779,0.6077057793345009,0,0
2362f54a-328c-49a7-923c-9d84ac6b61fe,Ethiopia,56,63,314,77,237,1663,48.79,42,0,Current,Low,0.24522292993630573,0.14251352976548406,0,0
d9931264-5447-4888-91de-91485f1c895b,Tanzania,18,38,828,128,700,3000,12.29,185,53,Late,Medium,0.15458937198067632,0.23333333333333334,0,0
28a84d45-0af3-4259-b7af-c9d60abdb920,Egypt,63,8,509,183,326,1556,21.74,45,28,Current,Low,0.35952848722986247,0.2095115681233933,0,0
627bb069-54ce-41e0-9bed-1441f9ca46ce,Kenya,35,91,195,55,140,2781,4.65,130,23,Current,Low,0.28205128205128205,0.05034160373966199,0,0
2a90839e-b60e-49c9-b5b2-9b2ed4be623f,Egypt,39,112,865,235,630,430,36.08,191,12,Current,Low,0.27167630057803466,1.4651162790697674,0,0
8955283b-4721-4198-acbe-52fb80954a3e,Egypt,50,68,172,41,131,2068,37.41,53,15,Current,Low,0.23837209302325582,0.06334622823984526,0,0
2f3b81b9-5057-48a8-9b2e-122013d90977,DRC,41,11,628,46,582,816,28.48,26,19,Current,Low,0.0732484076433121,0.7132352941176471,0,0
31c2b79d-2af1-41b9-a8a9-f7f5c25a1246,Lesotho,28,53,431,56,375,2941,14.76,171,13,Current,Low,0.12993039443155452,0.12750765045902754,0,0
255c8554-3034-46a8-be88-dad728f4a555,South Africa,21,85,168,36,132,2786,22.33,27,0,Current,Low,0.21428571428571427,0.04737975592246949,0,0
49683ce8-aa7c-40ca-b746-b9a7a25465a6,Ethiopia,53,6,1051,160,891,1554,38.66,95,28,Current,Low,0.1522359657469077,0.5733590733590733,0,0
463321d3-3cf1-4dcd-8a23-490dcd32debd,Tanzania,18,47,901,279,622,1176,38.09,131,0,Current,Low,0.30965593784683687,0.5289115646258503,0,0
6509be82-0161-4c7a-83dc-ce93e849ca66,Tanzania,20,40,153,0,153,130,17.06,133,24,Current,Low,0.0,1.176923076923077,0,0
d4be7b8c-ffbd-4937-8d63-4c94d77e2ec0,South Africa,41,69,421,18,403,2642,15.7,115,26,Current,Low,0.04275534441805225,0.15253595760787284,0,0
6d5139d3-7109-407b-b89b-427dfc9febfe,Tanzania,21,67,644,237,407,2144,8.66,50,0,Current,Low,0.36801242236024845,0.18983208955223882,0,0
9c3d31d3-5fc3-4ecb-afdf-336bd4f7e960,Ethiopia,63,47,798,343,455,994,12.03,93,0,Current,Low,0.4298245614035088,0.45774647887323944,0,0
67265dc3-9fc0-4382-b544-afaf795d4431,South Africa,51,2,716,27,689,2885,33.93,42,0,Current,Low,0.03770949720670391,0.2388214904679376,0,0
cbff8259-c6fd-46a7-b099-0239f109dfa9,Lesotho,63,4,1180,360,820,417,37.71,86,22,Current,Low,0.3050847457627119,1.9664268585131894,0,0
dfbe3e83-7d79-4c35-aa77-af5abe560f14,Kenya,32,83,410,36,374,519,18.09,33,0,Current,Low,0.08780487804878048,0.720616570327553,0,0
82c116b7-ae46-4266-9599-d7ac772bc68c,Ethiopia,32,65,910,236,674,616,38.51,51,23,Current,Low,0.25934065934065936,1.094155844155844,0,0
db5c7028-e53a-4c1b-b606-9c8edd1b6660,Ethiopia,60,79,663,288,375,2848,11.04,68,16,Current,Low,0.4343891402714932,0.13167134831460675,0,0
c806d0fa-0924-4270-922e-9c7cc6307f55,Tanzania,34,4,226,31,195,1710,22.5,95,19,Current,Low,0.13716814159292035,0.11403508771929824,0,0
cf6c1042-65f5-46e4-96cc-e4224f34316e,Ethiopia,58,11,229,65,164,1972,21.6,148,72,Default,High,0.2838427947598253,0.08316430020283976,1,1
94b84b40-7af7-41d4-a473-77466ef4cf54,Tanzania,40,48,122,33,89,735,42.62,76,12,Current,Low,0.27049180327868855,0.12108843537414966,0,0
8293a586-c25a-4367-a59d-ed84a21e22d3,Kenya,34,48,912,111,801,2130,30.45,124,12,Current,Low,0.12171052631578948,0.376056338028169,0,0
6d8b4e95-4f86-40d8-9b85-0ae310f7beb8,Mozambique,51,93,364,148,216,2832,46.28,53,15,Current,Low,0.4065934065934066,0.07627118644067797,0,0
36052a14-a180-4d72-97d1-e5f9b9dd8853,South Africa,58,109,697,182,515,2207,25.94,181,13,Current,Low,0.2611190817790531,0.23334843679202538,0,0
09629fbc-3fd7-44f2-aea0-9ea261410e05,Egypt,19,61,1141,558,583,752,15.27,103,21,Current,Low,0.4890446976336547,0.7752659574468085,0,0
0b53e896-2efd-4bae-aca1-ac84c5f98350,Lesotho,25,52,930,376,554,267,7.29,195,0,Current,Low,0.4043010752688172,2.0749063670411987,0,0
b489456a-561e-4f42-8bb3-47e0c4514e92,Lesotho,55,11,186,45,141,1158,20.24,18,46,Late,Medium,0.24193548387096775,0.12176165803108809,0,0
7ca238b2-f2dd-4762-83cd-264318eac6e0,DRC,28,79,1109,434,675,1917,41.95,39,0,Current,Low,0.3913435527502254,0.352112676056338,0,0
fbc99a79-8e50-4979-b715-46259174cf1a,Egypt,38,108,1132,316,816,2251,2.3,157,15,Current,Low,0.2791519434628975,0.36250555308751664,0,0
068d7e2c-bd87-4503-a28c-8b32771e7e33,Ethiopia,31,68,53,18,35,2600,24.96,124,23,Current,Low,0.33962264150943394,0.013461538461538462,0,0
a85bd979-a877-44c4-8fb7-88266f58e890,Kenya,64,42,205,31,174,2385,15.04,164,24,Current,Low,0.15121951219512195,0.0729559748427673,0,0
f4222238-439c-4e04-a68c-8ca8f4783f52,DRC,43,108,449,126,323,1061,49.05,178,0,Current,Low,0.2806236080178174,0.30442978322337416,0,0
7cab99b8-7458-441a-b365-2ff60c43aeb5,Egypt,19,57,979,177,802,2524,11.38,16,0,Current,Low,0.1807967313585291,0.31774960380348655,0,0
3c1e5cd5-dc6c-4959-b87b-ae067cf9e624,Mozambique,37,103,258,82,176,824,47.05,150,10,Current,Low,0.3178294573643411,0.21359223300970873,0,0
5f109331-fccd-4770-b116-b38c5473da03,Egypt,46,38,442,93,349,2454,40.68,139,0,Current,Low,0.21040723981900453,0.1422167889160554,0,0
a4dc0907-dbd9-4fd1-bed9-24f97fed5642,Mozambique,25,71,608,285,323,1987,3.34,126,12,Current,Low,0.46875,0.16255661801711122,0,0
fdc67e79-51c3-450c-8eb9-25da5654e32f,Mozambique,34,111,385,17,368,1188,8.38,149,1,Current,Low,0.04415584415584416,0.30976430976430974,0,0
6487b6a7-d14f-4424-b743-ee6c90210937,Lesotho,24,85,563,184,379,2018,1.67,179,39,Late,Medium,0.3268206039076377,0.18780971258671952,0,0
33404820-9e76-473a-ac73-c96655b210be,Lesotho,20,30,864,400,464,1641,21.32,62,27,Current,Low,0.46296296296296297,0.28275441803778184,0,0
8652798f-45db-44a0-aefb-fb2f18bd5e7b,DRC,54,7,681,282,399,608,21.14,92,33,Late,Medium,0.41409691629955947,0.65625,0,0
4d5fcdef-2169-4d2c-9363-5fbfbe589e17,Tanzania,28,78,773,67,706,1564,2.16,165,0,Current,Low,0.08667529107373868,0.4514066496163683,0,0
c85155a9-b035-4acb-8c86-0cb5896a7698,DRC,18,113,366,175,191,1806,9.1,71,18,Current,Low,0.4781420765027322,0.10575858250276855,0,0
42294c61-f7a7-4752-8cde-eda5c6a71be0,Mozambique,39,36,373,82,291,2139,48.22,124,29,Current,Low,0.21983914209115282,0.13604488078541374,0,0
a81b963b-1fef-4309-a1ac-81fc6dd51eb3,Mozambique,20,30,817,53,764,636,23.65,85,7,Current,Low,0.06487148102815178,1.20125786163522,0,0
60bdabd3-25ff-4298-a47b-bc601ba26618,Tanzania,41,45,616,3,613,850,41.22,139,0,Current,Low,0.00487012987012987,0.7211764705882353,0,0
b77a7a01-8b4b-4309-8a56-d033690e0dba,Ethiopia,44,20,977,14,963,820,23.06,200,10,Current,Low,0.014329580348004094,1.174390243902439,0,0
ed41618b-06b4-4c00-ba86-f374d71ddbde,Mozambique,34,63,695,170,525,758,10.23,172,0,Current,Low,0.2446043165467626,0.6926121372031663,0,0
e8ac629b-f850-4370-9b31-49abc60fdf9e,DRC,57,103,1059,22,1037,1672,14.74,103,0,Current,Low,0.02077431539187913,0.6202153110047847,0,0
876be8ce-0545-4953-a1b2-9bb540a14763,Mozambique,60,117,238,92,146,2576,15.25,120,10,Current,Low,0.3865546218487395,0.056677018633540376,0,0
d9a541f5-39d9-422f-9ba1-fdab34332a3b,Kenya,54,38,654,84,570,2168,46.16,36,17,Current,Low,0.12844036697247707,0.2629151291512915,0,0
a5ab8b67-a3ef-4569-8908-2738dfa8d4cd,DRC,21,24,898,303,595,2682,18.07,63,7,Current,Low,0.3374164810690423,0.22184936614466816,0,0
0096a087-6f08-4f92-bc17-9767fcf488cf,Egypt,39,81,673,304,369,213,42.9,6,37,Late,Medium,0.45170876671619614,1.732394366197183,0,0
195e66f1-8602-4434-8e70-2f336cbc1b07,Ethiopia,29,65,133,27,106,1156,32.86,114,39,Late,Medium,0.20300751879699247,0.09169550173010381,0,0
22747442-6842-4339-8648-91cf281576bf,Egypt,43,6,666,190,476,374,25.97,14,1,Current,Low,0.2852852852852853,1.2727272727272727,0,0
799e3345-921c-4772-b862-6f221911543f,Ethiopia,54,75,687,308,379,1645,41.3,76,2,Current,Low,0.4483260553129549,0.2303951367781155,0,0
1b45edfa-ba57-4c90-b5b1-fc4bfbf75815,South Africa,46,32,153,33,120,877,25.37,138,1,Current,Low,0.21568627450980393,0.13683010262257697,0,0
6a4bb143-ea11-49fd-824d-6e30310413c2,Ethiopia,65,52,323,20,303,2269,13.95,182,15,Current,Low,0.06191950464396285,0.13353900396650506,0,0
1a75e16c-2e06-41bf-9881-bb1653ea65fe,DRC,19,10,327,44,283,1919,24.1,72,50,Late,Medium,0.1345565749235474,0.1474726420010422,0,0
03ed281b-8157-4c3d-b15a-e686b965c158,DRC,55,110,451,136,315,881,11.36,154,0,Current,Low,0.30155210643015523,0.35754824063564133,0,0
1040ca84-1d8d-4b79-bcc9-917719e9fe18,Tanzania,63,110,826,96,730,2062,43.02,147,47,Late,Medium,0.1162227602905569,0.35402521823472355,0,0
792493c4-10e3-4ad9-b35e-59e32a01f5fa,Lesotho,53,54,67,31,36,1799,32.57,155,19,Current,Low,0.4626865671641791,0.020011117287381877,0,0
d8a3275e-5e71-4071-bf8c-69609dc57098,Egypt,34,70,276,95,181,2735,13.29,30,43,Late,Medium,0.3442028985507246,0.06617915904936014,0,0
263ec20d-a419-4f25-96d3-407c03e4045b,South Africa,26,99,91,28,63,2984,7.35,130,22,Current,Low,0.3076923076923077,0.02111260053619303,0,0
2ec4bde5-79d3-4cb2-a840-94ecfbd6b036,DRC,25,28,886,57,829,461,38.5,144,54,Late,Medium,0.06433408577878104,1.7982646420824295,0,0
4b4776a7-9c18-40f4-ba96-4dfaad980447,DRC,20,85,357,141,216,2345,12.44,52,40,Late,Medium,0.3949579831932773,0.09211087420042643,0,0
55d2761f-688d-4897-bf40-5115703ccb26,Ethiopia,44,31,953,335,618,2760,31.27,94,7,Current,Low,0.3515215110178384,0.22391304347826088,0,0
ba4ede80-642b-45d7-b0cd-1ffc2ff82397,Tanzania,51,89,205,52,153,2581,26.97,40,5,Current,Low,0.25365853658536586,0.059279349089500194,0,0
91e5d2c6-5bbc-4e5b-978e-3464e1870253,Tanzania,53,63,880,197,683,2521,17.05,27,20,Current,Low,0.22386363636363638,0.2709242364141214,0,0
72fe1c40-75e0-4e41-8c2d-4609e8c26ac0,Egypt,26,94,1035,315,720,2853,30.28,95,21,Current,Low,0.30434782608695654,0.25236593059936907,0,0
97a696b7-71e4-48de-b81d-8964ae79bc95,Tanzania,25,110,1133,52,1081,2725,28.63,109,11,Current,Low,0.04589585172109444,0.396697247706422,0,0
f2edef1d-18ac-4dbd-b86d-3c838fed4617,Mozambique,34,113,796,122,674,1746,31.78,147,22,Current,Low,0.15326633165829145,0.38602520045819017,0,0
8994351e-a58b-4d6b-b8c0-2483eabf0409,Egypt,49,71,993,331,662,1606,31.13,83,0,Current,Low,0.3333333333333333,0.4122042341220423,0,0
0bd07130-b7d6-4458-ad95-64550f1b8f38,DRC,48,115,304,1,303,1028,36.22,23,0,Current,Low,0.003289473684210526,0.29474708171206226,0,0
9acd6b7a-9e83-4e52-adf9-77995e5bff43,South Africa,42,32,112,13,99,2435,16.58,197,30,Current,Low,0.11607142857142858,0.0406570841889117,0,0
01f8c46f-ca71-42b9-979a-cfd6c349811a,Kenya,31,40,478,129,349,1698,24.76,171,38,Late,Medium,0.2698744769874477,0.2055359246171967,0,0
eb19337e-37b9-4048-a828-b531beeae318,Lesotho,61,64,1057,299,758,1455,24.81,139,0,Current,Low,0.282876064333018,0.5209621993127148,0,0
60bc2e14-7bdc-4320-8f4e-b518fe705607,Tanzania,24,79,233,95,138,680,2.39,161,10,Current,Low,0.40772532188841204,0.20294117647058824,0,0
fcc2616e-e939-4426-9000-70ca24fb366b,Tanzania,29,20,940,70,870,2259,33.86,131,7,Current,Low,0.07446808510638298,0.3851261620185923,0,0
a5161bae-860a-40ef-a758-8bbb828c91a1,Lesotho,42,37,827,334,493,2296,45.87,12,0,Current,Low,0.40386940749697703,0.2147212543554007,0,0
8d999f07-c84b-4bd2-bdee-c82a22fb6bd3,Ethiopia,37,69,619,83,536,2411,19.98,198,26,Current,Low,0.13408723747980614,0.2223143923683119,0,0
4b747730-6cea-4a2f-a3ba-d5f5b9d9d3d8,South Africa,26,84,854,371,483,2047,5.18,196,25,Current,Low,0.4344262295081967,0.23595505617977527,0,0
ce7d839a-32dc-40b7-a901-924e33a32e85,Egypt,44,111,611,205,406,1367,48.02,129,8,Current,Low,0.3355155482815057,0.2970007315288954,0,0
33b9d1df-4688-493a-b320-c68beb2512b2,South Africa,47,48,752,357,395,2037,28.11,66,42,Late,Medium,0.4747340425531915,0.19391261659302897,0,0
b825596a-5c01-451d-a85f-c2eda08d0515,South Africa,18,111,244,48,196,1774,17.51,85,43,Late,Medium,0.19672131147540983,0.1104847801578354,0,0
a4eb27ef-7739-4b4c-8efa-d7278d0bcaee,Tanzania,64,31,511,133,378,2099,32.37,150,39,Late,Medium,0.2602739726027397,0.18008575512148642,0,0
a85c9c81-0816-4743-9075-df961a64b7b0,Tanzania,39,107,1046,221,825,973,42.81,150,0,Current,Low,0.2112810707456979,0.8478931140801644,0,0
a0e87f6b-823f-4311-8c71-feaf7e17c3c6,Ethiopia,37,29,154,51,103,1777,3.28,24,9,Current,Low,0.33116883116883117,0.057962858750703436,0,0
feb9ca29-9a73-4854-9d01-90e8d4248876,Ethiopia,61,41,119,23,96,1546,4.68,189,0,Current,Low,0.19327731092436976,0.062095730918499355,0,0
78cc18cb-1647-4108-a410-622ba411baf6,South Africa,53,8,395,103,292,1009,27.44,45,5,Current,Low,0.2607594936708861,0.2893954410307235,0,0
df36a3a9-8d71-4750-bf90-c161f1f12bf2,South Africa,49,107,929,210,719,2036,25.26,168,16,Current,Low,0.22604951560818085,0.3531434184675835,0,0
d717e2f9-ca94-4e72-ad00-0bc972c0815e,Lesotho,39,61,1195,13,1182,2729,6.16,57,13,Current,Low,0.010878661087866108,0.43312568706485893,0,0
72e260e9-83be-4360-a347-494bc1d3f249,Lesotho,21,102,266,99,167,2841,1.28,184,4,Current,Low,0.37218045112781956,0.05878211897219289,0,0
a24c34c8-a524-43df-af8b-1bd59de08466,Egypt,35,79,951,127,824,1941,25.98,70,31,Late,Medium,0.13354363827549948,0.4245234415249871,0,0
8d0c82fc-1177-44f5-abbb-be0291f18fe9,Mozambique,30,37,1083,500,583,140,37.79,16,0,Current,Low,0.4616805170821791,4.164285714285715,0,0
bc69ae1d-81fd-4fbb-94a3-bebf94fd2589,Ethiopia,57,72,176,42,134,2525,16.64,137,0,Current,Low,0.23863636363636365,0.05306930693069307,0,0
974d2f6c-71c3-4bc2-b723-33528f89e272,Kenya,42,119,720,309,411,576,31.25,18,33,Late,Medium,0.42916666666666664,0.7135416666666666,0,0
59dc21d7-64f5-4dce-a71b-5740d93e543f,Ethiopia,63,109,135,15,120,2472,20.49,139,7,Current,Low,0.1111111111111111,0.04854368932038835,0,0
032619b6-364c-4524-8eb7-3e7c5c97c9ea,Mozambique,35,54,982,52,930,2575,38.09,9,39,Late,Medium,0.05295315682281059,0.3611650485436893,0,0
a9bc31c3-945b-46db-a34b-55e4a3d61491,Tanzania,51,42,709,4,705,1879,30.61,197,36,Late,Medium,0.005641748942172073,0.3751995742416179,0,0
94a8f83c-8f13-4889-8c11-7e1b116a0d22,DRC,47,21,704,348,356,2689,16.11,20,28,Current,Low,0.4943181818181818,0.13239122350316102,0,0
36daae68-5833-428b-b4a7-77a12972858d,Lesotho,23,115,399,130,269,2842,5.97,187,0,Current,Low,0.3258145363408521,0.09465165376495425,0,0
72117034-5e96-49ac-ba77-c01a4ef38733,Egypt,29,7,282,94,188,2938,34.04,168,41,Late,Medium,0.3333333333333333,0.06398910823689585,0,0
cf1902d1-06f7-4f08-806d-ef0ba63e95c6,Ethiopia,52,21,1175,171,1004,2047,5.22,26,5,Current,Low,0.14553191489361703,0.49047386419149974,0,0
bccff137-ba4e-4ca1-abd5-ca92c38f2017,Kenya,24,59,185,13,172,2916,13.53,109,50,Late,Medium,0.07027027027027027,0.05898491083676269,0,0
3e239188-161f-45ce-a883-751df809c56e,Egypt,29,82,487,165,322,1099,35.99,192,13,Current,Low,0.33880903490759756,0.2929936305732484,0,0
19fcdadb-e618-4ffb-b89e-9f503c685c31,DRC,58,65,944,206,738,2842,32.6,162,26,Current,Low,0.21822033898305085,0.25967628430682616,0,0
7fcb8835-158f-42a3-9e1a-5a623c08e213,Tanzania,22,91,513,80,433,2694,22.37,113,13,Current,Low,0.15594541910331383,0.1607275426874536,0,0
b0d03a59-dd25-4d59-b5a7-534c40ed7ce3,Lesotho,57,8,271,16,255,1218,2.01,61,16,Current,Low,0.05904059040590406,0.20935960591133004,0,0
6cf180bd-e00d-40f1-86d8-a7d652bb8be1,Mozambique,65,59,920,33,887,2098,37.9,11,0,Current,Low,0.035869565217391305,0.42278360343183985,0,0
2f8b72ac-1c2c-4b20-876a-429b1e5b4abf,Kenya,60,78,142,33,109,140,25.95,25,22,Current,Low,0.2323943661971831,0.7785714285714286,0,0
437a2023-6e44-4e4b-b69a-aecbea6bb3a7,Kenya,29,98,1141,234,907,725,31.64,138,15,Current,Low,0.20508326029798424,1.2510344827586206,0,0
33ab5207-471f-4fa7-9974-dddd1a8569f9,South Africa,25,84,997,250,747,743,33.22,14,52,Late,Medium,0.25075225677031093,1.0053835800807538,0,0
7701f2de-0871-4938-af10-7a39be53ec33,DRC,56,30,714,41,673,1002,8.37,110,34,Late,Medium,0.05742296918767507,0.6716566866267465,0,0
5c02558f-bda8-4329-90d2-111e16e505e7,Mozambique,22,30,178,26,152,621,7.52,164,17,Current,Low,0.14606741573033707,0.24476650563607086,0,0
d79105a1-2ac0-417a-b559-9ce404b4f1fc,Lesotho,46,97,507,165,342,2181,38.09,95,17,Current,Low,0.3254437869822485,0.15680880330123798,0,0
6cc836e3-494a-4a51-a0dc-1f6697430414,Tanzania,55,104,998,85,913,2769,11.53,66,0,Current,Low,0.08517034068136273,0.329721921271217,0,0
29c694c6-c1ef-445a-b04e-eacc3bfe0a88,Ethiopia,27,116,530,221,309,2316,48.21,40,11,Current,Low,0.4169811320754717,0.133419689119171,0,0
484b15bb-7f35-4d33-bc5c-dad95785b557,Lesotho,59,93,827,56,771,2087,4.77,20,53,Late,Medium,0.06771463119709795,0.36942980354575944,0,0
492e67b9-561e-47c9-b21f-f7d753532926,Egypt,47,54,914,96,818,2784,4.05,18,16,Current,Low,0.1050328227571116,0.2938218390804598,0,0
2e351ce6-001d-4b17-92c3-f12ccf5ce597,DRC,43,40,1117,56,1061,1857,21.14,121,13,Current,Low,0.050134288272157566,0.5713516424340334,0,0
7625d5ba-5b97-482f-b9dd-28ee70c6cc36,Ethiopia,26,60,1013,338,675,1905,4.11,82,0,Current,Low,0.3336623889437315,0.3543307086614173,0,0
2116cd35-02b1-4224-a08f-70913da764e4,Kenya,19,43,221,78,143,2288,34.94,24,0,Current,Low,0.35294117647058826,0.0625,0,0
b4931e3e-fb95-44ea-972c-336b3b35823d,Kenya,58,90,1003,479,524,1774,48.48,175,0,Current,Low,0.47756729810568294,0.29537767756482525,0,0
c3837c37-fa2d-4fe0-baeb-649d1c265cc2,DRC,31,113,426,82,344,1244,26.47,173,0,Current,Low,0.19248826291079812,0.2765273311897106,0,0
4b318fbc-bbef-4c6e-a493-401a77f8e748,Lesotho,25,57,671,313,358,2541,27.69,34,11,Current,Low,0.46646795827123694,0.14088941361668633,0,0
eaedc974-5584-4ba2-98f0-1d7a23f670d1,Lesotho,51,5,210,87,123,689,42.9,110,38,Late,Medium,0.4142857142857143,0.17851959361393324,0,0
6a283105-6f52-4279-8fe3-4a4651c787d6,Kenya,49,63,704,202,502,544,24.44,146,51,Late,Medium,0.2869318181818182,0.9227941176470589,0,0
e79d2ed7-6e31-4ae7-b2ce-b099c85a5b0b,Ethiopia,54,87,314,130,184,2053,47.98,129,3,Current,Low,0.4140127388535032,0.08962493911349245,0,0
b6f2dd2e-64c6-44d7-8e57-d443184b56f7,Tanzania,51,61,1160,523,637,2056,15.47,160,43,Late,Medium,0.4508620689655172,0.3098249027237354,0,0
f9c238ec-2ac5-4791-82d3-dab87850fb89,Egypt,26,42,941,176,765,1899,37.62,92,21,Current,Low,0.18703506907545164,0.4028436018957346,0,0
4e72c8f7-415b-4418-92ae-9f9c2221c266,South Africa,42,24,1190,292,898,260,26.46,21,0,Current,Low,0.2453781512605042,3.453846153846154,0,0
72cc63c0-932b-4627-8063-da23fe306d56,Ethiopia,52,94,97,33,64,2854,16.91,197,2,Current,Low,0.3402061855670103,0.02242466713384723,0,0
da0dff31-cee6-405f-a62a-38bd15d1cd60,Ethiopia,46,98,547,203,344,2962,35.47,180,10,Current,Low,0.3711151736745887,0.11613774476704929,0,0
f7c414cb-70b2-4c07-8100-8ec95a396f9a,Tanzania,46,83,1093,7,1086,572,13.5,130,12,Current,Low,0.006404391582799634,1.8986013986013985,0,0
00d79b85-ca4f-482b-b075-5d8392edc6ab,South Africa,25,10,715,293,422,2965,32.44,114,68,Default,High,0.4097902097902098,0.14232715008431704,1,1
8334723f-1e50-4c87-8220-2f047096dc28,Egypt,47,59,801,155,646,1563,6.75,189,8,Current,Low,0.19350811485642946,0.4133077415227127,0,0
39d17b3e-9303-48da-a382-91976184570d,Lesotho,47,4,1026,217,809,277,38.85,16,18,Current,Low,0.21150097465886938,2.92057761732852,0,0
e43f277e-5dd3-4c26-97e7-d4f4c9b91857,Egypt,47,49,786,51,735,1250,48.19,177,14,Current,Low,0.0648854961832061,0.588,0,0
23b38fc1-2535-4fb1-9349-95bfcea811a2,Kenya,62,46,191,19,172,2858,26.28,78,19,Current,Low,0.09947643979057591,0.06018194541637509,0,0
5fd8fc59-d163-43bd-be34-70e4cd8390af,Tanzania,33,111,503,145,358,1264,2.95,20,8,Current,Low,0.2882703777335984,0.28322784810126583,0,0
c5866fd9-f4f1-48eb-a425-678d8e3d52cd,South Africa,20,52,109,24,85,1495,33.13,125,0,Current,Low,0.22018348623853212,0.056856187290969896,0,0
